speed_class,cell_type,vr_freq_cat,phase_values_for_norm_current,average_current,se_vchan,current_type
fast,V2aB,15,-0.5,0.6233769277187466,0.011007248860877146,inhibitory
fast,V2aB,15,-0.49,0.6167356481328415,0.010694508003251132,inhibitory
fast,V2aB,15,-0.48,0.6099854664511782,0.010373250138134107,inhibitory
fast,V2aB,15,-0.47,0.6005456538054716,0.010138819789937652,inhibitory
fast,V2aB,15,-0.46,0.5985004551525805,0.00992392304313818,inhibitory
fast,V2aB,15,-0.45,0.589104601175895,0.009668296388185858,inhibitory
fast,V2aB,15,-0.44,0.5789130580342481,0.009485613192481417,inhibitory
fast,V2aB,15,-0.43,0.5717457198637472,0.009386390255003383,inhibitory
fast,V2aB,15,-0.42,0.5652756782661251,0.00920635620669812,inhibitory
fast,V2aB,15,-0.41,0.5572474799794067,0.009091884054904725,inhibitory
fast,V2aB,15,-0.4,0.5463113394880402,0.008873142107509318,inhibitory
fast,V2aB,15,-0.39,0.5371808270403635,0.008774628464162456,inhibitory
fast,V2aB,15,-0.38,0.5262647657389515,0.008740619552229621,inhibitory
fast,V2aB,15,-0.37,0.5211100857269562,0.008759620493005677,inhibitory
fast,V2aB,15,-0.36,0.5122411072639376,0.008715253857536324,inhibitory
fast,V2aB,15,-0.35,0.4987686769735413,0.008585184049286479,inhibitory
fast,V2aB,15,-0.34,0.48790184115397955,0.008515579392438452,inhibitory
fast,V2aB,15,-0.33,0.4769925456330104,0.008443111458034733,inhibitory
fast,V2aB,15,-0.32,0.4658994962610185,0.008327631735089915,inhibitory
fast,V2aB,15,-0.31,0.45365105188884214,0.008219472098945363,inhibitory
fast,V2aB,15,-0.3,0.4433000963523765,0.008102863519913118,inhibitory
fast,V2aB,15,-0.29,0.4312397549282427,0.008016754073963957,inhibitory
fast,V2aB,15,-0.28,0.41804123481817645,0.00781702756227458,inhibitory
fast,V2aB,15,-0.27,0.4054904439274216,0.007775788044183324,inhibitory
fast,V2aB,15,-0.26,0.39568012732410324,0.007731697405963631,inhibitory
fast,V2aB,15,-0.25,0.38553735864264294,0.007632343586875969,inhibitory
fast,V2aB,15,-0.24,0.372651480236434,0.007581114780264553,inhibitory
fast,V2aB,15,-0.23,0.3536723111230478,0.0074034231807059035,inhibitory
fast,V2aB,15,-0.22,0.3449811969718667,0.00729189501005182,inhibitory
fast,V2aB,15,-0.21,0.33264642308563624,0.007171809636976509,inhibitory
fast,V2aB,15,-0.2,0.32211832444068006,0.007002879574063481,inhibitory
fast,V2aB,15,-0.19,0.31336297137791325,0.007047323980056355,inhibitory
fast,V2aB,15,-0.18,0.3015728057878175,0.0070971239976901695,inhibitory
fast,V2aB,15,-0.17,0.29252484762529823,0.0069635112005327765,inhibitory
fast,V2aB,15,-0.16,0.28808757360905046,0.007014149907208565,inhibitory
fast,V2aB,15,-0.15,0.2828253501987427,0.007190579673839599,inhibitory
fast,V2aB,15,-0.14,0.27274113889806345,0.0070270934704776584,inhibitory
fast,V2aB,15,-0.13,0.26423576884533606,0.00685022787737243,inhibitory
fast,V2aB,15,-0.12,0.25987084278360956,0.0068995712714151275,inhibitory
fast,V2aB,15,-0.11,0.24753512023904284,0.006841121343743672,inhibitory
fast,V2aB,15,-0.1,0.2381317686138097,0.006671632177749895,inhibitory
fast,V2aB,15,-0.09,0.23096408704934962,0.006570915135355584,inhibitory
fast,V2aB,15,-0.08,0.22430570846584538,0.006648942228137208,inhibitory
fast,V2aB,15,-0.07,0.22082274244978306,0.006836222640929123,inhibitory
fast,V2aB,15,-0.0599999999999999,0.216981876731286,0.0069401132912254755,inhibitory
fast,V2aB,15,-0.0499999999999999,0.21537251115720082,0.007023087354592479,inhibitory
fast,V2aB,15,-0.04,0.21378924761802598,0.007084095023752473,inhibitory
fast,V2aB,15,-0.03,0.21797233589846943,0.007074662444103973,inhibitory
fast,V2aB,15,-0.02,0.22010488224708474,0.0072716383574168274,inhibitory
fast,V2aB,15,-0.01,0.22920566627552053,0.007858346726476274,inhibitory
fast,V2aB,15,0,0.23985801607389126,0.008297536415804977,inhibitory
fast,V2aB,15,0.01,0.25233064477464506,0.00874283409303909,inhibitory
fast,V2aB,15,0.02,0.2637686894862204,0.008980881158255901,inhibitory
fast,V2aB,15,0.03,0.27736339260037524,0.009198768697619585,inhibitory
fast,V2aB,15,0.04,0.29410335170660284,0.009560772692804951,inhibitory
fast,V2aB,15,0.0499999999999999,0.3148957908760557,0.009860399680399666,inhibitory
fast,V2aB,15,0.0599999999999999,0.3304297862642016,0.01007704297159735,inhibitory
fast,V2aB,15,0.07,0.34851331151033527,0.010320820652528035,inhibitory
fast,V2aB,15,0.08,0.36118504695874953,0.010229729925293977,inhibitory
fast,V2aB,15,0.09,0.37083658367255823,0.010130607985777133,inhibitory
fast,V2aB,15,0.1,0.38092588060870747,0.010296226623302882,inhibitory
fast,V2aB,15,0.11,0.387014826584699,0.010348011318428293,inhibitory
fast,V2aB,15,0.12,0.39103251358257646,0.010156829419362365,inhibitory
fast,V2aB,15,0.13,0.39546421722502223,0.009955840214915516,inhibitory
fast,V2aB,15,0.14,0.4029791896772214,0.009945742997952355,inhibitory
fast,V2aB,15,0.15,0.40776872697587974,0.00980332003252234,inhibitory
fast,V2aB,15,0.16,0.4095381013220338,0.009634807350562914,inhibitory
fast,V2aB,15,0.17,0.41384854897409584,0.009419260082791314,inhibitory
fast,V2aB,15,0.18,0.41673126428091567,0.009275780131567716,inhibitory
fast,V2aB,15,0.19,0.42132500788006166,0.009253751401408584,inhibitory
fast,V2aB,15,0.2,0.41979035037126805,0.009253112805731031,inhibitory
fast,V2aB,15,0.21,0.4184026204425808,0.009194693800005363,inhibitory
fast,V2aB,15,0.22,0.4207024796845205,0.009141036212353928,inhibitory
fast,V2aB,15,0.23,0.42324595609016336,0.009208742951061213,inhibitory
fast,V2aB,15,0.24,0.41793216641445596,0.008967086629939862,inhibitory
fast,V2aB,15,0.25,0.4099741686436789,0.008963019965847538,inhibitory
fast,V2aB,15,0.26,0.41088115270016395,0.008989891391434508,inhibitory
fast,V2aB,15,0.27,0.40719790197257577,0.008914362257339804,inhibitory
fast,V2aB,15,0.28,0.4035461999132178,0.008763448394827551,inhibitory
fast,V2aB,15,0.29,0.3962543131657667,0.008644720844467829,inhibitory
fast,V2aB,15,0.3,0.38689403523993743,0.008480214997375378,inhibitory
fast,V2aB,15,0.31,0.384373402296897,0.008388347869959905,inhibitory
fast,V2aB,15,0.32,0.3818126262401113,0.008306981295998985,inhibitory
fast,V2aB,15,0.33,0.3826817436461878,0.008283421456691727,inhibitory
fast,V2aB,15,0.34,0.3826089280889963,0.008391798174457593,inhibitory
fast,V2aB,15,0.35,0.37864976240615994,0.008479727067974266,inhibitory
fast,V2aB,15,0.36,0.37994096601843946,0.008487266788054965,inhibitory
fast,V2aB,15,0.37,0.3784556541811412,0.008494927118403188,inhibitory
fast,V2aB,15,0.38,0.37733411210577494,0.008733947618193757,inhibitory
fast,V2aB,15,0.39,0.3818466990222948,0.008808769097713751,inhibitory
fast,V2aB,15,0.4,0.3794697022444497,0.008681915606566703,inhibitory
fast,V2aB,15,0.41,0.3782580922622067,0.00872098452151418,inhibitory
fast,V2aB,15,0.42,0.37459021964996253,0.008803573156832004,inhibitory
fast,V2aB,15,0.43,0.3747971209741046,0.009004655727991773,inhibitory
fast,V2aB,15,0.44,0.3740336156245807,0.009055259285665182,inhibitory
fast,V2aB,15,0.45,0.3751473835213271,0.009187984808550285,inhibitory
fast,V2aB,15,0.46,0.3769832397589158,0.009427087723592872,inhibitory
fast,V2aB,15,0.47,0.37765841260823696,0.009537433976397865,inhibitory
fast,V2aB,15,0.48,0.3773075050282938,0.00965428389286384,inhibitory
fast,V2aB,15,0.49,0.37213118784365445,0.009634115187556762,inhibitory
fast,V2aB,15,0.5,0.36618819291311233,0.00994011454103327,inhibitory
fast,V2aB,25,-0.5,0.6246817800318655,0.008570273877599552,inhibitory
fast,V2aB,25,-0.49,0.6227726468834459,0.00834071312992952,inhibitory
fast,V2aB,25,-0.48,0.6232994050273992,0.008146383785772312,inhibitory
fast,V2aB,25,-0.47,0.6248339168458561,0.008035165883097951,inhibitory
fast,V2aB,25,-0.46,0.6238686488646382,0.007893203866302812,inhibitory
fast,V2aB,25,-0.45,0.6217948939057555,0.007723428561645208,inhibitory
fast,V2aB,25,-0.44,0.6184205600252389,0.007539612459549527,inhibitory
fast,V2aB,25,-0.43,0.6152728624580033,0.007274154333584176,inhibitory
fast,V2aB,25,-0.42,0.610794959967035,0.007138349466097492,inhibitory
fast,V2aB,25,-0.41,0.6084532969704384,0.007072793797323421,inhibitory
fast,V2aB,25,-0.4,0.6055496794313856,0.0069249586959779915,inhibitory
fast,V2aB,25,-0.39,0.5975750755097718,0.006733366611681214,inhibitory
fast,V2aB,25,-0.38,0.5902150810584567,0.006676154236299921,inhibitory
fast,V2aB,25,-0.37,0.5837332521407615,0.006611554545168907,inhibitory
fast,V2aB,25,-0.36,0.5777466478387913,0.006528700941752636,inhibitory
fast,V2aB,25,-0.35,0.5702537878595413,0.0063656783831124025,inhibitory
fast,V2aB,25,-0.34,0.5599658243469238,0.006281819143914059,inhibitory
fast,V2aB,25,-0.33,0.5484742689848241,0.006261569937784988,inhibitory
fast,V2aB,25,-0.32,0.5370205744063625,0.006190368774721523,inhibitory
fast,V2aB,25,-0.31,0.524672769504672,0.006091902244195005,inhibitory
fast,V2aB,25,-0.3,0.5118261843229733,0.005965447654236302,inhibitory
fast,V2aB,25,-0.29,0.5005638582085701,0.005862971091815203,inhibitory
fast,V2aB,25,-0.28,0.4888666643876875,0.005828504195474091,inhibitory
fast,V2aB,25,-0.27,0.475226566784646,0.005812682665767603,inhibitory
fast,V2aB,25,-0.26,0.4618926349824373,0.005766531049290708,inhibitory
fast,V2aB,25,-0.25,0.4515465259894265,0.005711279364148746,inhibitory
fast,V2aB,25,-0.24,0.4407383351028354,0.00561427515711226,inhibitory
fast,V2aB,25,-0.23,0.42766201814246935,0.0055418929854311174,inhibitory
fast,V2aB,25,-0.22,0.41446072731299166,0.005521253603722428,inhibitory
fast,V2aB,25,-0.21,0.40314876385451,0.0054523248099096165,inhibitory
fast,V2aB,25,-0.2,0.3916829856623397,0.005392876727135459,inhibitory
fast,V2aB,25,-0.19,0.37977335398215095,0.005359981884739463,inhibitory
fast,V2aB,25,-0.18,0.3667017684775929,0.00536488909252706,inhibitory
fast,V2aB,25,-0.17,0.3539528572953587,0.005362079414295126,inhibitory
fast,V2aB,25,-0.16,0.3387167463974973,0.005245490049729026,inhibitory
fast,V2aB,25,-0.15,0.3270739632394075,0.005237877244647084,inhibitory
fast,V2aB,25,-0.14,0.3150391306536037,0.00519429793752308,inhibitory
fast,V2aB,25,-0.13,0.3036605748541006,0.0051806398563355,inhibitory
fast,V2aB,25,-0.12,0.2917296161611628,0.005188361328890798,inhibitory
fast,V2aB,25,-0.11,0.2830015064235297,0.005162006151719839,inhibitory
fast,V2aB,25,-0.1,0.2747682838492514,0.005175097278556244,inhibitory
fast,V2aB,25,-0.09,0.2672294800073733,0.005312001524804357,inhibitory
fast,V2aB,25,-0.08,0.2591739855642261,0.005257564754111175,inhibitory
fast,V2aB,25,-0.07,0.25131643952571786,0.005185913364750332,inhibitory
fast,V2aB,25,-0.0599999999999999,0.24545097926050885,0.005187344941491579,inhibitory
fast,V2aB,25,-0.0499999999999999,0.24036841264720493,0.005205919081151191,inhibitory
fast,V2aB,25,-0.04,0.2388209041526435,0.005207927603680304,inhibitory
fast,V2aB,25,-0.03,0.24322140479153753,0.005413439829918827,inhibitory
fast,V2aB,25,-0.02,0.24328331008198803,0.005592770036801587,inhibitory
fast,V2aB,25,-0.01,0.24407805450621858,0.005775004016258882,inhibitory
fast,V2aB,25,0,0.24612315940758858,0.005865839087834285,inhibitory
fast,V2aB,25,0.01,0.2470036151038813,0.00588934569853432,inhibitory
fast,V2aB,25,0.02,0.25098445295327027,0.006030482851525181,inhibitory
fast,V2aB,25,0.03,0.25591488412322055,0.006062105243890309,inhibitory
fast,V2aB,25,0.04,0.263906276322054,0.006123092537837182,inhibitory
fast,V2aB,25,0.0499999999999999,0.2748976687160123,0.006300521511106972,inhibitory
fast,V2aB,25,0.0599999999999999,0.28609710189490156,0.006456479423739654,inhibitory
fast,V2aB,25,0.07,0.2960794957114085,0.0065578351293930776,inhibitory
fast,V2aB,25,0.08,0.30594465787087055,0.006650096893828717,inhibitory
fast,V2aB,25,0.09,0.3130365943669916,0.0066728280043163194,inhibitory
fast,V2aB,25,0.1,0.3252894419006714,0.006713628016116603,inhibitory
fast,V2aB,25,0.11,0.33600666936854245,0.006875949365573668,inhibitory
fast,V2aB,25,0.12,0.344407258027555,0.006964528727005003,inhibitory
fast,V2aB,25,0.13,0.35465653695581045,0.0070683147480630915,inhibitory
fast,V2aB,25,0.14,0.3645846829067372,0.007124044654444483,inhibitory
fast,V2aB,25,0.15,0.3672437278112441,0.007145808604168014,inhibitory
fast,V2aB,25,0.16,0.3702750967932355,0.00711479779601095,inhibitory
fast,V2aB,25,0.17,0.3724633987832353,0.007090401080193942,inhibitory
fast,V2aB,25,0.18,0.3737881373866474,0.007074055271908666,inhibitory
fast,V2aB,25,0.19,0.3744440353447439,0.007061503770431247,inhibitory
fast,V2aB,25,0.2,0.3725823479172911,0.007033161388645811,inhibitory
fast,V2aB,25,0.21,0.3711301248724845,0.006973181444468857,inhibitory
fast,V2aB,25,0.22,0.3696902540198531,0.006977615120603761,inhibitory
fast,V2aB,25,0.23,0.3680321500118478,0.006934602443832873,inhibitory
fast,V2aB,25,0.24,0.3664097258016485,0.006852272872831346,inhibitory
fast,V2aB,25,0.25,0.3671114883616292,0.006803042286115148,inhibitory
fast,V2aB,25,0.26,0.36752682170314194,0.006838390242252869,inhibitory
fast,V2aB,25,0.27,0.36370084436613437,0.0068014906360872865,inhibitory
fast,V2aB,25,0.28,0.35902130388656656,0.0067380710255848224,inhibitory
fast,V2aB,25,0.29,0.358880804957774,0.006727731566008262,inhibitory
fast,V2aB,25,0.3,0.3598876510040208,0.006715674215115155,inhibitory
fast,V2aB,25,0.31,0.3595778827956897,0.006687143545499518,inhibitory
fast,V2aB,25,0.32,0.360121603585837,0.00668799595552159,inhibitory
fast,V2aB,25,0.33,0.3595702478866166,0.00668657767875836,inhibitory
fast,V2aB,25,0.34,0.35921125709872265,0.006685455513954206,inhibitory
fast,V2aB,25,0.35,0.35858321999914544,0.006712623099370121,inhibitory
fast,V2aB,25,0.36,0.3600694618622123,0.006685398650984354,inhibitory
fast,V2aB,25,0.37,0.3633870915106908,0.006736837245987046,inhibitory
fast,V2aB,25,0.38,0.36740661263586266,0.006822988062820532,inhibitory
fast,V2aB,25,0.39,0.3716201333048849,0.0069856216143029575,inhibitory
fast,V2aB,25,0.4,0.37663381639415205,0.007092393680893679,inhibitory
fast,V2aB,25,0.41,0.3809653270802921,0.007195838875031831,inhibitory
fast,V2aB,25,0.42,0.38595336635016847,0.007281097551063394,inhibitory
fast,V2aB,25,0.43,0.392433820868476,0.007334296967591709,inhibitory
fast,V2aB,25,0.44,0.3981266139021765,0.007405758595595752,inhibitory
fast,V2aB,25,0.45,0.4023024412102636,0.007525753647797435,inhibitory
fast,V2aB,25,0.46,0.4043270827896168,0.0076128126195397815,inhibitory
fast,V2aB,25,0.47,0.40633797601856836,0.007673367410746699,inhibitory
fast,V2aB,25,0.48,0.40879521435074684,0.0077890227039480045,inhibitory
fast,V2aB,25,0.49,0.40738279707400205,0.00781272850023919,inhibitory
fast,V2aB,25,0.5,0.4096862462991734,0.00797090865971263,inhibitory
fast,V2aB,35,-0.5,0.6564818124157686,0.02382533279082443,inhibitory
fast,V2aB,35,-0.49,0.6564741066402338,0.022705535838011163,inhibitory
fast,V2aB,35,-0.48,0.6588894625941514,0.022193048416103263,inhibitory
fast,V2aB,35,-0.47,0.6598538358786797,0.021674599696217912,inhibitory
fast,V2aB,35,-0.46,0.6603618846033672,0.020970336515100732,inhibitory
fast,V2aB,35,-0.45,0.6581108278517628,0.02056458747945792,inhibitory
fast,V2aB,35,-0.44,0.6516319151642063,0.02014585184671418,inhibitory
fast,V2aB,35,-0.43,0.6459830911338034,0.01972093368666906,inhibitory
fast,V2aB,35,-0.42,0.6380534114370109,0.019601850790078923,inhibitory
fast,V2aB,35,-0.41,0.6283741277603321,0.01939261595323223,inhibitory
fast,V2aB,35,-0.4,0.6176218673607871,0.018977938431146767,inhibitory
fast,V2aB,35,-0.39,0.6073033054908786,0.01842609666498315,inhibitory
fast,V2aB,35,-0.38,0.5945270108030993,0.017917337751002863,inhibitory
fast,V2aB,35,-0.37,0.5818287506709143,0.017599730692112184,inhibitory
fast,V2aB,35,-0.36,0.571954396852426,0.017029395789692474,inhibitory
fast,V2aB,35,-0.35,0.5615301432025921,0.01654547944508295,inhibitory
fast,V2aB,35,-0.34,0.549304382829308,0.01646306591451665,inhibitory
fast,V2aB,35,-0.33,0.5367763181650375,0.016241340645103287,inhibitory
fast,V2aB,35,-0.32,0.5243870769890422,0.01589206208383998,inhibitory
fast,V2aB,35,-0.31,0.5134101657831711,0.01572324888566174,inhibitory
fast,V2aB,35,-0.3,0.5022138279473866,0.01584530353649776,inhibitory
fast,V2aB,35,-0.29,0.4942400509055201,0.01608503375378604,inhibitory
fast,V2aB,35,-0.28,0.4846469258810421,0.016510755347979512,inhibitory
fast,V2aB,35,-0.27,0.471444733211657,0.01658247180480807,inhibitory
fast,V2aB,35,-0.26,0.4539649066556836,0.016658543868825575,inhibitory
fast,V2aB,35,-0.25,0.43580929172921407,0.01643927727981163,inhibitory
fast,V2aB,35,-0.24,0.4247658265126,0.016339392206564093,inhibitory
fast,V2aB,35,-0.23,0.41542024984911075,0.016396018392384637,inhibitory
fast,V2aB,35,-0.22,0.4050387470543597,0.016659492686834722,inhibitory
fast,V2aB,35,-0.21,0.391957943444269,0.016065015298237444,inhibitory
fast,V2aB,35,-0.2,0.3814473699658977,0.015504858815456693,inhibitory
fast,V2aB,35,-0.19,0.3709856010316765,0.015461009635226522,inhibitory
fast,V2aB,35,-0.18,0.3619819656751565,0.015307764722074575,inhibitory
fast,V2aB,35,-0.17,0.35640589426843544,0.015418298483127757,inhibitory
fast,V2aB,35,-0.16,0.3509452890233148,0.015481752781142178,inhibitory
fast,V2aB,35,-0.15,0.3458869771562908,0.01567026119773423,inhibitory
fast,V2aB,35,-0.14,0.34234111364565056,0.01557654833481675,inhibitory
fast,V2aB,35,-0.13,0.3368913578073852,0.01555188427506086,inhibitory
fast,V2aB,35,-0.12,0.3282375549573629,0.01584031829273412,inhibitory
fast,V2aB,35,-0.11,0.31616560465822713,0.016216600828613814,inhibitory
fast,V2aB,35,-0.1,0.3061856688339364,0.016375153662571307,inhibitory
fast,V2aB,35,-0.09,0.29893719509373573,0.016192280548854784,inhibitory
fast,V2aB,35,-0.08,0.29389485342575516,0.015844004436534144,inhibitory
fast,V2aB,35,-0.07,0.29397308370533726,0.016128802304489737,inhibitory
fast,V2aB,35,-0.0599999999999999,0.2949634264358649,0.017044888476968383,inhibitory
fast,V2aB,35,-0.0499999999999999,0.29659879075830453,0.017634385105588672,inhibitory
fast,V2aB,35,-0.04,0.29640584617846943,0.01755551882661114,inhibitory
fast,V2aB,35,-0.03,0.2982255701590536,0.017365103664138074,inhibitory
fast,V2aB,35,-0.02,0.303717324090106,0.01723517202447991,inhibitory
fast,V2aB,35,-0.01,0.31201872468782854,0.017504146367438272,inhibitory
fast,V2aB,35,0,0.31498099466415425,0.017584903863351594,inhibitory
fast,V2aB,35,0.01,0.31821288291594607,0.017293993760396108,inhibitory
fast,V2aB,35,0.02,0.32590216483422785,0.017493477524141782,inhibitory
fast,V2aB,35,0.03,0.33341667929857416,0.018450268807338143,inhibitory
fast,V2aB,35,0.04,0.34174392172268037,0.019184947608221748,inhibitory
fast,V2aB,35,0.0499999999999999,0.3527791912325919,0.01927570036858835,inhibitory
fast,V2aB,35,0.0599999999999999,0.36368891501135514,0.019066005796917578,inhibitory
fast,V2aB,35,0.07,0.37794557800642603,0.01908560806904959,inhibitory
fast,V2aB,35,0.08,0.38521010854254784,0.018929347460947012,inhibitory
fast,V2aB,35,0.09,0.39182177199461654,0.01867778865010337,inhibitory
fast,V2aB,35,0.1,0.3926092730361868,0.01838256403629576,inhibitory
fast,V2aB,35,0.11,0.39160702606212167,0.018170914456328013,inhibitory
fast,V2aB,35,0.12,0.39093281117354745,0.01817529431065453,inhibitory
fast,V2aB,35,0.13,0.39625376046049776,0.018648401976186727,inhibitory
fast,V2aB,35,0.14,0.39973786249882276,0.019312138340717922,inhibitory
fast,V2aB,35,0.15,0.39874133939855677,0.019470590511182592,inhibitory
fast,V2aB,35,0.16,0.3986743415658161,0.019073152924548566,inhibitory
fast,V2aB,35,0.17,0.39886805590581187,0.018749630378680295,inhibitory
fast,V2aB,35,0.18,0.3975486228892063,0.01885182290345014,inhibitory
fast,V2aB,35,0.19,0.39375903610184737,0.019068648354963667,inhibitory
fast,V2aB,35,0.2,0.39260214193339954,0.019243218297752576,inhibitory
fast,V2aB,35,0.21,0.3940754110315796,0.019536152485826304,inhibitory
fast,V2aB,35,0.22,0.3951078578481541,0.020097169743016428,inhibitory
fast,V2aB,35,0.23,0.3932228620795055,0.020075245401571483,inhibitory
fast,V2aB,35,0.24,0.38800489950209666,0.01978487431300755,inhibitory
fast,V2aB,35,0.25,0.38330640298719565,0.019306579289497378,inhibitory
fast,V2aB,35,0.26,0.37668822776586086,0.0190313360726664,inhibitory
fast,V2aB,35,0.27,0.3679597138999621,0.01852382463869016,inhibitory
fast,V2aB,35,0.28,0.3666025182870062,0.018152074730621904,inhibitory
fast,V2aB,35,0.29,0.36911144422052744,0.01857729546765543,inhibitory
fast,V2aB,35,0.3,0.3699543802719369,0.019021590926748457,inhibitory
fast,V2aB,35,0.31,0.36692856734979,0.018960390327797498,inhibitory
fast,V2aB,35,0.32,0.3618729585121232,0.018654639599213388,inhibitory
fast,V2aB,35,0.33,0.3561983624844744,0.018552089292935378,inhibitory
fast,V2aB,35,0.34,0.3584592306168553,0.018333465752452115,inhibitory
fast,V2aB,35,0.35,0.3675147141574589,0.01812827084057206,inhibitory
fast,V2aB,35,0.36,0.37539901025153477,0.01808845682409363,inhibitory
fast,V2aB,35,0.37,0.38214771312425505,0.018364507743687804,inhibitory
fast,V2aB,35,0.38,0.38711595451912334,0.01851719729357727,inhibitory
fast,V2aB,35,0.39,0.3932791976600549,0.018780742139499464,inhibitory
fast,V2aB,35,0.4,0.39671370602127604,0.018898420494680882,inhibitory
fast,V2aB,35,0.41,0.4039908352321096,0.019013929300399326,inhibitory
fast,V2aB,35,0.42,0.4140299539045163,0.019013224230496853,inhibitory
fast,V2aB,35,0.43,0.42745139120816167,0.01937915254102479,inhibitory
fast,V2aB,35,0.44,0.43631736370308527,0.02005850350447871,inhibitory
fast,V2aB,35,0.45,0.44004799634800496,0.020190664545606692,inhibitory
fast,V2aB,35,0.46,0.4445793857534893,0.020043338369038457,inhibitory
fast,V2aB,35,0.47,0.45490422249484924,0.020318499447399323,inhibitory
fast,V2aB,35,0.48,0.46481892990085794,0.020983899895636135,inhibitory
fast,V2aB,35,0.49,0.4689036114442683,0.021229700821081415,inhibitory
fast,V2aB,35,0.5,0.46725924812635505,0.021509901328428796,inhibitory
fast,V2aB,45+,-0.5,0.615838658891815,0.04676697307420696,inhibitory
fast,V2aB,45+,-0.49,0.6275482352501695,0.04614763603296929,inhibitory
fast,V2aB,45+,-0.48,0.6353028001710849,0.045003166620927904,inhibitory
fast,V2aB,45+,-0.47,0.6314084829481469,0.04623691188631785,inhibitory
fast,V2aB,45+,-0.46,0.6296300710900227,0.04762503556823995,inhibitory
fast,V2aB,45+,-0.45,0.6151022956591382,0.048341751391524176,inhibitory
fast,V2aB,45+,-0.44,0.5989692905363441,0.04825467517640909,inhibitory
fast,V2aB,45+,-0.43,0.5954685657230819,0.04856469889921094,inhibitory
fast,V2aB,45+,-0.42,0.5873002786068166,0.048240834571001034,inhibitory
fast,V2aB,45+,-0.41,0.5770938338673163,0.04700060588720873,inhibitory
fast,V2aB,45+,-0.4,0.5692144766618347,0.04448649210820778,inhibitory
fast,V2aB,45+,-0.39,0.5709482610059201,0.04240734763099292,inhibitory
fast,V2aB,45+,-0.38,0.56764231599122,0.042173745297748165,inhibitory
fast,V2aB,45+,-0.37,0.5578266842545456,0.04140307456941744,inhibitory
fast,V2aB,45+,-0.36,0.5457831705315889,0.04052379863040824,inhibitory
fast,V2aB,45+,-0.35,0.5310828204699993,0.04117509461621819,inhibitory
fast,V2aB,45+,-0.34,0.5177108962076148,0.04182687218180389,inhibitory
fast,V2aB,45+,-0.33,0.5104161643831172,0.04214298099730195,inhibitory
fast,V2aB,45+,-0.32,0.511930864237359,0.04201095041289208,inhibitory
fast,V2aB,45+,-0.31,0.5122773729814311,0.04146666707215257,inhibitory
fast,V2aB,45+,-0.3,0.5014971253323514,0.0401581888105803,inhibitory
fast,V2aB,45+,-0.29,0.48258485478429175,0.03890304055932144,inhibitory
fast,V2aB,45+,-0.28,0.4553887288487266,0.03905224249065553,inhibitory
fast,V2aB,45+,-0.27,0.43563442606490177,0.03998340738511444,inhibitory
fast,V2aB,45+,-0.26,0.423623394527627,0.041124953939124895,inhibitory
fast,V2aB,45+,-0.25,0.4196039211669549,0.04107781323284556,inhibitory
fast,V2aB,45+,-0.24,0.41410019215539895,0.04132111324905224,inhibitory
fast,V2aB,45+,-0.23,0.40340274260152575,0.039597453574636114,inhibitory
fast,V2aB,45+,-0.22,0.39235733021673325,0.037204134300100715,inhibitory
fast,V2aB,45+,-0.21,0.3822444066314343,0.03637646424954773,inhibitory
fast,V2aB,45+,-0.2,0.3669138268209272,0.03561190661807606,inhibitory
fast,V2aB,45+,-0.19,0.34664848388297353,0.03383698528784771,inhibitory
fast,V2aB,45+,-0.18,0.3286206791662896,0.03305131528894455,inhibitory
fast,V2aB,45+,-0.17,0.31831473814779965,0.03252750075726485,inhibitory
fast,V2aB,45+,-0.16,0.31689837553319655,0.030996287775240324,inhibitory
fast,V2aB,45+,-0.15,0.32059653543379574,0.030574722188979667,inhibitory
fast,V2aB,45+,-0.14,0.32647315512018477,0.03272481011224596,inhibitory
fast,V2aB,45+,-0.13,0.3309679519731996,0.037137656283101984,inhibitory
fast,V2aB,45+,-0.12,0.3310153167253005,0.04054331107099691,inhibitory
fast,V2aB,45+,-0.11,0.32693808119862466,0.04107564655379,inhibitory
fast,V2aB,45+,-0.1,0.3270356373294595,0.040307456326774994,inhibitory
fast,V2aB,45+,-0.09,0.31984665796889483,0.039770388207094366,inhibitory
fast,V2aB,45+,-0.08,0.3207502612950727,0.03998901487893964,inhibitory
fast,V2aB,45+,-0.07,0.32767287486267443,0.040064831300641646,inhibitory
fast,V2aB,45+,-0.0599999999999999,0.33122264124981243,0.04156499877448201,inhibitory
fast,V2aB,45+,-0.0499999999999999,0.33540553095250997,0.041975024683549536,inhibitory
fast,V2aB,45+,-0.04,0.353133781405944,0.04140056732511782,inhibitory
fast,V2aB,45+,-0.03,0.3715943049226976,0.040925807597191916,inhibitory
fast,V2aB,45+,-0.02,0.38533552412535793,0.04275766995991508,inhibitory
fast,V2aB,45+,-0.01,0.38381266838532363,0.04421668023062373,inhibitory
fast,V2aB,45+,0,0.3775666712873383,0.04536301075934787,inhibitory
fast,V2aB,45+,0.01,0.36947920843180326,0.04354263137869204,inhibitory
fast,V2aB,45+,0.02,0.37517854240864845,0.041344058578008866,inhibitory
fast,V2aB,45+,0.03,0.3929360522349217,0.0421156123935996,inhibitory
fast,V2aB,45+,0.04,0.41454801616380044,0.044760725586378634,inhibitory
fast,V2aB,45+,0.0499999999999999,0.43748796614817065,0.047157246844948084,inhibitory
fast,V2aB,45+,0.0599999999999999,0.45052127464185054,0.05109923404701673,inhibitory
fast,V2aB,45+,0.07,0.4607062913953943,0.053888670061169604,inhibitory
fast,V2aB,45+,0.08,0.45875511028753435,0.05322805462217145,inhibitory
fast,V2aB,45+,0.09,0.45069449801334,0.0515876385396334,inhibitory
fast,V2aB,45+,0.1,0.45188416223227884,0.051354546528176725,inhibitory
fast,V2aB,45+,0.11,0.44782353553430865,0.04889574282112817,inhibitory
fast,V2aB,45+,0.12,0.4376657888962232,0.044451279477481176,inhibitory
fast,V2aB,45+,0.13,0.42511329801389597,0.04276449274043706,inhibitory
fast,V2aB,45+,0.14,0.4190266629098215,0.04271190472889493,inhibitory
fast,V2aB,45+,0.15,0.42662867744672245,0.04322096993710105,inhibitory
fast,V2aB,45+,0.16,0.440225551149391,0.043620171700274865,inhibitory
fast,V2aB,45+,0.17,0.443361205236058,0.04446908480381783,inhibitory
fast,V2aB,45+,0.18,0.4376014389183761,0.043317563841354566,inhibitory
fast,V2aB,45+,0.19,0.42094330848833966,0.041012132548803995,inhibitory
fast,V2aB,45+,0.2,0.402133170631012,0.038140154625717154,inhibitory
fast,V2aB,45+,0.21,0.38820280904359333,0.036405351584384904,inhibitory
fast,V2aB,45+,0.22,0.3781777453518825,0.035894081537162816,inhibitory
fast,V2aB,45+,0.23,0.3723402739353775,0.036723593462628136,inhibitory
fast,V2aB,45+,0.24,0.37105769539734135,0.03626917438294039,inhibitory
fast,V2aB,45+,0.25,0.37824033579908967,0.03641201482951491,inhibitory
fast,V2aB,45+,0.26,0.40056556180979697,0.03932204803572833,inhibitory
fast,V2aB,45+,0.27,0.4142834001928672,0.0427166584371283,inhibitory
fast,V2aB,45+,0.28,0.4163137478143569,0.04452468464231674,inhibitory
fast,V2aB,45+,0.29,0.4077184297458484,0.044076028057797104,inhibitory
fast,V2aB,45+,0.3,0.40127253650483613,0.04252102569297604,inhibitory
fast,V2aB,45+,0.31,0.39946512521633004,0.04128824077329423,inhibitory
fast,V2aB,45+,0.32,0.40158808508668115,0.0418657388470302,inhibitory
fast,V2aB,45+,0.33,0.4018694937682651,0.04269931383642491,inhibitory
fast,V2aB,45+,0.34,0.40144984603774814,0.043787703991985706,inhibitory
fast,V2aB,45+,0.35,0.3927514529008188,0.04520685015379826,inhibitory
fast,V2aB,45+,0.36,0.37771097237238505,0.044864301452559874,inhibitory
fast,V2aB,45+,0.37,0.3710656692237068,0.04191048284929668,inhibitory
fast,V2aB,45+,0.38,0.3698524245949566,0.03941133001722467,inhibitory
fast,V2aB,45+,0.39,0.3836996735015031,0.038733809199886914,inhibitory
fast,V2aB,45+,0.4,0.40232575682863997,0.03905087828396995,inhibitory
fast,V2aB,45+,0.41,0.41623903838118687,0.03895755208752873,inhibitory
fast,V2aB,45+,0.42,0.4298179241926056,0.03798358761245616,inhibitory
fast,V2aB,45+,0.43,0.4358618812420824,0.0383978482784656,inhibitory
fast,V2aB,45+,0.44,0.43590496442970506,0.04161500852632021,inhibitory
fast,V2aB,45+,0.45,0.4353733435197933,0.04316863310496198,inhibitory
fast,V2aB,45+,0.46,0.4375873857795006,0.0431233224970192,inhibitory
fast,V2aB,45+,0.47,0.4450231357071659,0.04191382331201391,inhibitory
fast,V2aB,45+,0.48,0.4558283032026684,0.040931473065709385,inhibitory
fast,V2aB,45+,0.49,0.4639427318703782,0.04024540746596921,inhibitory
fast,V2aB,45+,0.5,0.4609720485082122,0.04005894053834133,inhibitory
fast,V2aD,15,-0.5,0.49987364543507606,0.02684105220302077,inhibitory
fast,V2aD,15,-0.49,0.49828022107460407,0.027101929885469275,inhibitory
fast,V2aD,15,-0.48,0.504526488467727,0.027159986446920553,inhibitory
fast,V2aD,15,-0.47,0.49774043630411907,0.027308858470375497,inhibitory
fast,V2aD,15,-0.46,0.5013187350340067,0.02683958691042561,inhibitory
fast,V2aD,15,-0.45,0.5005352319235683,0.0260245636830805,inhibitory
fast,V2aD,15,-0.44,0.503187036817178,0.025678861098535392,inhibitory
fast,V2aD,15,-0.43,0.5080154746053821,0.026727961332326553,inhibitory
fast,V2aD,15,-0.42,0.4960148181648452,0.026008979386087802,inhibitory
fast,V2aD,15,-0.41,0.4801587354350063,0.024429735132426335,inhibitory
fast,V2aD,15,-0.4,0.47270548408090834,0.02371566725014954,inhibitory
fast,V2aD,15,-0.39,0.46352670256345185,0.02281370818141653,inhibitory
fast,V2aD,15,-0.38,0.45118724507094154,0.022613849431320478,inhibitory
fast,V2aD,15,-0.37,0.43897605552194563,0.022265722616269662,inhibitory
fast,V2aD,15,-0.36,0.4439468680987052,0.022069700979479728,inhibitory
fast,V2aD,15,-0.35,0.44623163345388756,0.022488347989616485,inhibitory
fast,V2aD,15,-0.34,0.45158916516165726,0.024046827154753193,inhibitory
fast,V2aD,15,-0.33,0.43517631530083967,0.023024503606437218,inhibitory
fast,V2aD,15,-0.32,0.4312853472938269,0.02216918071138449,inhibitory
fast,V2aD,15,-0.31,0.43329328930009514,0.02088725102010749,inhibitory
fast,V2aD,15,-0.3,0.42780717181967887,0.021050187106323746,inhibitory
fast,V2aD,15,-0.29,0.431371120193741,0.021995730151798024,inhibitory
fast,V2aD,15,-0.28,0.4272277114465136,0.021468745102372296,inhibitory
fast,V2aD,15,-0.27,0.421863545043749,0.021094798023196016,inhibitory
fast,V2aD,15,-0.26,0.4266558460980914,0.020844225408254896,inhibitory
fast,V2aD,15,-0.25,0.42489522306821914,0.020498991221799417,inhibitory
fast,V2aD,15,-0.24,0.4246583374658498,0.021011380093685108,inhibitory
fast,V2aD,15,-0.23,0.42002283691884684,0.02111468412821453,inhibitory
fast,V2aD,15,-0.22,0.40948469304104895,0.02023468344847628,inhibitory
fast,V2aD,15,-0.21,0.4118437339263871,0.02059212732545866,inhibitory
fast,V2aD,15,-0.2,0.39847461013528707,0.020628692848837078,inhibitory
fast,V2aD,15,-0.19,0.3838092280448851,0.019349853023939673,inhibitory
fast,V2aD,15,-0.18,0.3786457826567539,0.01884386262109917,inhibitory
fast,V2aD,15,-0.17,0.38997534311367116,0.018584353490417562,inhibitory
fast,V2aD,15,-0.16,0.3861344828402074,0.01909171174894127,inhibitory
fast,V2aD,15,-0.15,0.390751483554909,0.01976269842233815,inhibitory
fast,V2aD,15,-0.14,0.394538259346108,0.01989534699061495,inhibitory
fast,V2aD,15,-0.13,0.3922500469374656,0.020478217945023136,inhibitory
fast,V2aD,15,-0.12,0.385743662638905,0.020333063649583365,inhibitory
fast,V2aD,15,-0.11,0.3776740646642728,0.020096764279474558,inhibitory
fast,V2aD,15,-0.1,0.3803790524166727,0.020172802888937937,inhibitory
fast,V2aD,15,-0.09,0.3684497228461522,0.019759178507249828,inhibitory
fast,V2aD,15,-0.08,0.34763281853073746,0.01895251301506906,inhibitory
fast,V2aD,15,-0.07,0.35392330244757186,0.017438566590328705,inhibitory
fast,V2aD,15,-0.0599999999999999,0.35963218590837237,0.017626975702794985,inhibitory
fast,V2aD,15,-0.0499999999999999,0.3536026681732248,0.01823196450196302,inhibitory
fast,V2aD,15,-0.04,0.3519702874302584,0.018659633836016782,inhibitory
fast,V2aD,15,-0.03,0.35409663026560595,0.019130380356231318,inhibitory
fast,V2aD,15,-0.02,0.34739512032085446,0.019278579718776476,inhibitory
fast,V2aD,15,-0.01,0.3452507362103259,0.021514109668424555,inhibitory
fast,V2aD,15,0,0.33567917961177063,0.02183685086628444,inhibitory
fast,V2aD,15,0.01,0.3461912592903208,0.020005864756809495,inhibitory
fast,V2aD,15,0.02,0.35314785107327473,0.02157243712490219,inhibitory
fast,V2aD,15,0.03,0.3622288605745128,0.02130018029873917,inhibitory
fast,V2aD,15,0.04,0.3612156293299992,0.02122223520537546,inhibitory
fast,V2aD,15,0.0499999999999999,0.3596525020582307,0.02084546906266874,inhibitory
fast,V2aD,15,0.0599999999999999,0.3603123347686657,0.020984712745868682,inhibitory
fast,V2aD,15,0.07,0.3525919404544152,0.020310083058890385,inhibitory
fast,V2aD,15,0.08,0.3440323424202711,0.01904170145922055,inhibitory
fast,V2aD,15,0.09,0.3371324915467905,0.01948151874500072,inhibitory
fast,V2aD,15,0.1,0.3277267681084755,0.018021421070745124,inhibitory
fast,V2aD,15,0.11,0.33948325851105776,0.01722004389206788,inhibitory
fast,V2aD,15,0.12,0.33786032716873565,0.01835776387612453,inhibitory
fast,V2aD,15,0.13,0.33192377297230646,0.018285650612752433,inhibitory
fast,V2aD,15,0.14,0.33275920983053303,0.018743433878171428,inhibitory
fast,V2aD,15,0.15,0.3336533750816976,0.019247956016310845,inhibitory
fast,V2aD,15,0.16,0.33243212117685744,0.019740156652465805,inhibitory
fast,V2aD,15,0.17,0.328286801353051,0.019039754300305856,inhibitory
fast,V2aD,15,0.18,0.31828353371205703,0.01876673491638312,inhibitory
fast,V2aD,15,0.19,0.3082458319797542,0.01990430606301887,inhibitory
fast,V2aD,15,0.2,0.3093793779095914,0.019584093885975127,inhibitory
fast,V2aD,15,0.21,0.298022760096086,0.01847756640056761,inhibitory
fast,V2aD,15,0.22,0.27777007994075154,0.01738001026408389,inhibitory
fast,V2aD,15,0.23,0.2887744222890156,0.01767144434539425,inhibitory
fast,V2aD,15,0.24,0.2829000914721856,0.01776772340896486,inhibitory
fast,V2aD,15,0.25,0.2914463181919809,0.017191177756242033,inhibitory
fast,V2aD,15,0.26,0.3048737984041507,0.018215757860029956,inhibitory
fast,V2aD,15,0.27,0.3021854926769889,0.018613719454335684,inhibitory
fast,V2aD,15,0.28,0.30472140535439785,0.017864720340600798,inhibitory
fast,V2aD,15,0.29,0.3051047765060543,0.016939353596122763,inhibitory
fast,V2aD,15,0.3,0.2998775640101393,0.01829996391886466,inhibitory
fast,V2aD,15,0.31,0.29063356491906595,0.018338856515552365,inhibitory
fast,V2aD,15,0.32,0.2906151715362191,0.018919900412642996,inhibitory
fast,V2aD,15,0.33,0.29569497594971106,0.018765881913202567,inhibitory
fast,V2aD,15,0.34,0.29361937330017973,0.018378560389364074,inhibitory
fast,V2aD,15,0.35,0.2998992612967133,0.019404358754834126,inhibitory
fast,V2aD,15,0.36,0.2981650145352957,0.01914307786695984,inhibitory
fast,V2aD,15,0.37,0.2825434231083103,0.018082237813351183,inhibitory
fast,V2aD,15,0.38,0.2890854397438823,0.01871004176625402,inhibitory
fast,V2aD,15,0.39,0.29646541886268674,0.018346937781218244,inhibitory
fast,V2aD,15,0.4,0.2985765996526065,0.019448223196739885,inhibitory
fast,V2aD,15,0.41,0.29930377396236607,0.020037809620035898,inhibitory
fast,V2aD,15,0.42,0.3067838299562142,0.02027997209241207,inhibitory
fast,V2aD,15,0.43,0.30830108669245965,0.02085093337921192,inhibitory
fast,V2aD,15,0.44,0.2981743451314894,0.020216390246593368,inhibitory
fast,V2aD,15,0.45,0.2983282505447169,0.020483624102231198,inhibitory
fast,V2aD,15,0.46,0.31425379188045527,0.021650493747246997,inhibitory
fast,V2aD,15,0.47,0.31383322537671254,0.02114772848695377,inhibitory
fast,V2aD,15,0.48,0.33180761039707524,0.022224413633531618,inhibitory
fast,V2aD,15,0.49,0.3337978927420074,0.02302900370954172,inhibitory
fast,V2aD,15,0.5,0.3272034931979885,0.023605706096578118,inhibitory
fast,V2aD,25,-0.5,0.5214759509350952,0.008786813288531526,inhibitory
fast,V2aD,25,-0.49,0.5178434016631455,0.008588495816605137,inhibitory
fast,V2aD,25,-0.48,0.5150582373761007,0.008431994525104267,inhibitory
fast,V2aD,25,-0.47,0.5112879510439468,0.008301925640614457,inhibitory
fast,V2aD,25,-0.46,0.5095273667857217,0.008221954114694735,inhibitory
fast,V2aD,25,-0.45,0.5088308587827429,0.008097750612630492,inhibitory
fast,V2aD,25,-0.44,0.5043138336013452,0.007925048970421154,inhibitory
fast,V2aD,25,-0.43,0.500262157439254,0.007781826317609873,inhibitory
fast,V2aD,25,-0.42,0.4989070811140578,0.007646286430198147,inhibitory
fast,V2aD,25,-0.41,0.4972428519717746,0.007571961412945535,inhibitory
fast,V2aD,25,-0.4,0.4951043664620892,0.007427232298319927,inhibitory
fast,V2aD,25,-0.39,0.4922538669009041,0.007401345685046137,inhibitory
fast,V2aD,25,-0.38,0.4867910508092792,0.00730573909118001,inhibitory
fast,V2aD,25,-0.37,0.4790380162975796,0.00717758164221056,inhibitory
fast,V2aD,25,-0.36,0.476092786623325,0.0071564296130685965,inhibitory
fast,V2aD,25,-0.35,0.47088618515434455,0.007122141186829039,inhibitory
fast,V2aD,25,-0.34,0.46278681597100735,0.006963984006454759,inhibitory
fast,V2aD,25,-0.33,0.45923168763721745,0.0069307409099765675,inhibitory
fast,V2aD,25,-0.32,0.4601612187957435,0.0068742977332568725,inhibitory
fast,V2aD,25,-0.31,0.4595375115951373,0.0068279084321211814,inhibitory
fast,V2aD,25,-0.3,0.45832663145604235,0.0067831515256571735,inhibitory
fast,V2aD,25,-0.29,0.45842948357339913,0.006694011627917182,inhibitory
fast,V2aD,25,-0.28,0.4622094105098871,0.006663578446197838,inhibitory
fast,V2aD,25,-0.27,0.4570387742881631,0.006556559778836255,inhibitory
fast,V2aD,25,-0.26,0.4504589362360549,0.006487161939605811,inhibitory
fast,V2aD,25,-0.25,0.45012525053119073,0.006435062241743784,inhibitory
fast,V2aD,25,-0.24,0.4508945277153955,0.006356090653701428,inhibitory
fast,V2aD,25,-0.23,0.4469882553327268,0.006340134500894312,inhibitory
fast,V2aD,25,-0.22,0.44357261524959185,0.0061962466829879916,inhibitory
fast,V2aD,25,-0.21,0.44081561430234223,0.006156203192027631,inhibitory
fast,V2aD,25,-0.2,0.43824086054806993,0.006157807717412109,inhibitory
fast,V2aD,25,-0.19,0.4352416966252382,0.006083885282452355,inhibitory
fast,V2aD,25,-0.18,0.43292844225577065,0.005899812945985301,inhibitory
fast,V2aD,25,-0.17,0.43310099107117156,0.005929921006388252,inhibitory
fast,V2aD,25,-0.16,0.43007253909803095,0.005842384411961149,inhibitory
fast,V2aD,25,-0.15,0.4254913947257196,0.005695504673682909,inhibitory
fast,V2aD,25,-0.14,0.4245061869659929,0.005719189298363211,inhibitory
fast,V2aD,25,-0.13,0.4200936457676991,0.005811645482808265,inhibitory
fast,V2aD,25,-0.12,0.4119375270387822,0.005727385304999645,inhibitory
fast,V2aD,25,-0.11,0.409768126450648,0.005605616681801291,inhibitory
fast,V2aD,25,-0.1,0.4063943524767249,0.00558458321617175,inhibitory
fast,V2aD,25,-0.09,0.401900116076395,0.005497784352324313,inhibitory
fast,V2aD,25,-0.08,0.39979207067417166,0.005477213477219863,inhibitory
fast,V2aD,25,-0.07,0.3973068059499591,0.005500063937721497,inhibitory
fast,V2aD,25,-0.0599999999999999,0.3955229939943724,0.005485204323814492,inhibitory
fast,V2aD,25,-0.0499999999999999,0.39084751181516497,0.005519454034088751,inhibitory
fast,V2aD,25,-0.04,0.3860377809492106,0.005512914217898446,inhibitory
fast,V2aD,25,-0.03,0.3787157481786702,0.005443540429481413,inhibitory
fast,V2aD,25,-0.02,0.37424200174387745,0.005487323762372546,inhibitory
fast,V2aD,25,-0.01,0.37476286006806886,0.005541238210428785,inhibitory
fast,V2aD,25,0,0.3732081926812164,0.005563905467635427,inhibitory
fast,V2aD,25,0.01,0.3737252900489692,0.005472309539591601,inhibitory
fast,V2aD,25,0.02,0.3730895678228295,0.005507767263363859,inhibitory
fast,V2aD,25,0.03,0.3675459931572886,0.0054925443670029135,inhibitory
fast,V2aD,25,0.04,0.36679135003628044,0.005589183921621007,inhibitory
fast,V2aD,25,0.0499999999999999,0.3643075918997752,0.005564476747080676,inhibitory
fast,V2aD,25,0.0599999999999999,0.3602783590297546,0.005492989490921759,inhibitory
fast,V2aD,25,0.07,0.3569844317882549,0.005503584594333362,inhibitory
fast,V2aD,25,0.08,0.353251740754622,0.0054851607834009745,inhibitory
fast,V2aD,25,0.09,0.3455776437638958,0.005421250204462362,inhibitory
fast,V2aD,25,0.1,0.3427722413025461,0.005385073011681747,inhibitory
fast,V2aD,25,0.11,0.34154891362370393,0.00542710354344752,inhibitory
fast,V2aD,25,0.12,0.338817046639446,0.005492883885432251,inhibitory
fast,V2aD,25,0.13,0.3333188668632258,0.005436475047850086,inhibitory
fast,V2aD,25,0.14,0.33056680540643757,0.005373372629566371,inhibitory
fast,V2aD,25,0.15,0.330094997602954,0.005390693043270213,inhibitory
fast,V2aD,25,0.16,0.3291421690902762,0.005446827777875093,inhibitory
fast,V2aD,25,0.17,0.3272861399680391,0.005487494705407734,inhibitory
fast,V2aD,25,0.18,0.32355313518663026,0.005419084059238748,inhibitory
fast,V2aD,25,0.19,0.3189189676784178,0.005311820805349881,inhibitory
fast,V2aD,25,0.2,0.3171674772889739,0.005292566154092348,inhibitory
fast,V2aD,25,0.21,0.31583723454791257,0.00536930392599404,inhibitory
fast,V2aD,25,0.22,0.3128677726080167,0.005376456905063977,inhibitory
fast,V2aD,25,0.23,0.31065086908286943,0.005302024504075962,inhibitory
fast,V2aD,25,0.24,0.3077267149607084,0.005298724194467732,inhibitory
fast,V2aD,25,0.25,0.3066449444546913,0.005414902833316093,inhibitory
fast,V2aD,25,0.26,0.30436880719920706,0.005521622131795388,inhibitory
fast,V2aD,25,0.27,0.2997301628285457,0.005464502536526869,inhibitory
fast,V2aD,25,0.28,0.29482792063380264,0.005413525522239534,inhibitory
fast,V2aD,25,0.29,0.2937337498050174,0.005520032656103146,inhibitory
fast,V2aD,25,0.3,0.29202488855650377,0.0055280990605894925,inhibitory
fast,V2aD,25,0.31,0.2880944750015764,0.005517849652548712,inhibitory
fast,V2aD,25,0.32,0.2846037744845132,0.005497147095510548,inhibitory
fast,V2aD,25,0.33,0.2826042872962646,0.005451152240048898,inhibitory
fast,V2aD,25,0.34,0.2803937869416034,0.005399073638490923,inhibitory
fast,V2aD,25,0.35,0.2783673157202257,0.005321353262374135,inhibitory
fast,V2aD,25,0.36,0.2781202072253283,0.005432962787384571,inhibitory
fast,V2aD,25,0.37,0.2786666670330834,0.005443041182832099,inhibitory
fast,V2aD,25,0.38,0.2767159291807269,0.005476712030147246,inhibitory
fast,V2aD,25,0.39,0.27352028644912135,0.005536661680971062,inhibitory
fast,V2aD,25,0.4,0.2710376305580161,0.005558468567552185,inhibitory
fast,V2aD,25,0.41,0.2731645223000611,0.00557282621011889,inhibitory
fast,V2aD,25,0.42,0.2723720155247528,0.005636636928963079,inhibitory
fast,V2aD,25,0.43,0.2749894976513369,0.005768717625929589,inhibitory
fast,V2aD,25,0.44,0.2773694731193841,0.00585233864444891,inhibitory
fast,V2aD,25,0.45,0.2789161374322336,0.005978049860274991,inhibitory
fast,V2aD,25,0.46,0.27933897799673657,0.0061106584396164515,inhibitory
fast,V2aD,25,0.47,0.28006161480789266,0.006105154661547602,inhibitory
fast,V2aD,25,0.48,0.27940325624506995,0.0061515119615799035,inhibitory
fast,V2aD,25,0.49,0.280762315211733,0.006294301330372917,inhibitory
fast,V2aD,25,0.5,0.28130140959275446,0.006412697669134125,inhibitory
fast,V2aD,35,-0.5,0.46590799804877303,0.023037478928115994,inhibitory
fast,V2aD,35,-0.49,0.47189932436331616,0.022765766264922632,inhibitory
fast,V2aD,35,-0.48,0.4774198422222029,0.02273762453989962,inhibitory
fast,V2aD,35,-0.47,0.48460403402039237,0.022413475087417964,inhibitory
fast,V2aD,35,-0.46,0.48240285538086525,0.021903491419546443,inhibitory
fast,V2aD,35,-0.45,0.4803833472552808,0.02158434680325862,inhibitory
fast,V2aD,35,-0.44,0.48216016947431717,0.021078358280871755,inhibitory
fast,V2aD,35,-0.43,0.4859664532238671,0.020694694938213347,inhibitory
fast,V2aD,35,-0.42,0.49036813695574477,0.020507119487891037,inhibitory
fast,V2aD,35,-0.41,0.4936956515189059,0.02039068471015178,inhibitory
fast,V2aD,35,-0.4,0.4910942252843864,0.02021879851597132,inhibitory
fast,V2aD,35,-0.39,0.4884673676396759,0.019775189990891843,inhibitory
fast,V2aD,35,-0.38,0.4873389812066197,0.019504758446992457,inhibitory
fast,V2aD,35,-0.37,0.4862469241713352,0.019457992186426562,inhibitory
fast,V2aD,35,-0.36,0.4836295566520262,0.01918064553393854,inhibitory
fast,V2aD,35,-0.35,0.48738436543935004,0.01898612173402204,inhibitory
fast,V2aD,35,-0.34,0.49084481407134206,0.01900607450339775,inhibitory
fast,V2aD,35,-0.33,0.48839847074959863,0.019013921361868552,inhibitory
fast,V2aD,35,-0.32,0.48212643377444325,0.019019194829805425,inhibitory
fast,V2aD,35,-0.31,0.4788570911320975,0.018656289512863654,inhibitory
fast,V2aD,35,-0.3,0.47873124824427304,0.01816402549243911,inhibitory
fast,V2aD,35,-0.29,0.47638902039442893,0.017971388482155008,inhibitory
fast,V2aD,35,-0.28,0.4691339173340152,0.01757391839209964,inhibitory
fast,V2aD,35,-0.27,0.4634424587949855,0.01738382610030916,inhibitory
fast,V2aD,35,-0.26,0.4619467580849723,0.017049051206505968,inhibitory
fast,V2aD,35,-0.25,0.46063411565763634,0.017050018206402038,inhibitory
fast,V2aD,35,-0.24,0.4551373267382988,0.01727380867414848,inhibitory
fast,V2aD,35,-0.23,0.44612332667540777,0.017030930624522184,inhibitory
fast,V2aD,35,-0.22,0.4380076479186074,0.01647184136986955,inhibitory
fast,V2aD,35,-0.21,0.4279779768230049,0.016016898745115297,inhibitory
fast,V2aD,35,-0.2,0.4254281922339687,0.016073598031503922,inhibitory
fast,V2aD,35,-0.19,0.41989778032177744,0.015696370558671815,inhibitory
fast,V2aD,35,-0.18,0.4125253610622903,0.015288219868322801,inhibitory
fast,V2aD,35,-0.17,0.40936336142810176,0.015296366803380947,inhibitory
fast,V2aD,35,-0.16,0.409984731021748,0.01523697162547197,inhibitory
fast,V2aD,35,-0.15,0.4092481278163061,0.015096599117107574,inhibitory
fast,V2aD,35,-0.14,0.40404761670556893,0.01514730850746137,inhibitory
fast,V2aD,35,-0.13,0.3995056842602787,0.015016991818457743,inhibitory
fast,V2aD,35,-0.12,0.39820683431491166,0.01506231001770354,inhibitory
fast,V2aD,35,-0.11,0.39771813268876416,0.015162140440574907,inhibitory
fast,V2aD,35,-0.1,0.39060798238061306,0.015169485184436143,inhibitory
fast,V2aD,35,-0.09,0.3867338724389136,0.014889073741418183,inhibitory
fast,V2aD,35,-0.08,0.3861419865614618,0.014951215253390718,inhibitory
fast,V2aD,35,-0.07,0.3803405552667019,0.015179467094941425,inhibitory
fast,V2aD,35,-0.0599999999999999,0.37551333168594286,0.015304325235488588,inhibitory
fast,V2aD,35,-0.0499999999999999,0.37569926155380573,0.015031927548786636,inhibitory
fast,V2aD,35,-0.04,0.37653515744077853,0.015028090558588128,inhibitory
fast,V2aD,35,-0.03,0.37673688170634145,0.015122242895271148,inhibitory
fast,V2aD,35,-0.02,0.375146339559255,0.014910520070919862,inhibitory
fast,V2aD,35,-0.01,0.3690576280650925,0.014533290617390325,inhibitory
fast,V2aD,35,0,0.3610898404755881,0.014641087207330128,inhibitory
fast,V2aD,35,0.01,0.3561893858792347,0.014716245071677445,inhibitory
fast,V2aD,35,0.02,0.3557751943333094,0.014632063324495775,inhibitory
fast,V2aD,35,0.03,0.35584192342145515,0.014695179083634243,inhibitory
fast,V2aD,35,0.04,0.3518980496430073,0.014570786093714212,inhibitory
fast,V2aD,35,0.0499999999999999,0.3460435976713871,0.014395919548244505,inhibitory
fast,V2aD,35,0.0599999999999999,0.3430131159544152,0.014167492883316037,inhibitory
fast,V2aD,35,0.07,0.3471681908161841,0.014607515001948722,inhibitory
fast,V2aD,35,0.08,0.3507247328544829,0.015166818880611074,inhibitory
fast,V2aD,35,0.09,0.3485093505136076,0.015030641862456165,inhibitory
fast,V2aD,35,0.1,0.34472216390903937,0.014582709047079114,inhibitory
fast,V2aD,35,0.11,0.3403473872257915,0.014407880153493462,inhibitory
fast,V2aD,35,0.12,0.3406129016676013,0.01437518025313933,inhibitory
fast,V2aD,35,0.13,0.3380706658746596,0.013986490740178697,inhibitory
fast,V2aD,35,0.14,0.3339450411788831,0.014083432141206007,inhibitory
fast,V2aD,35,0.15,0.33382703329516905,0.014629512233244869,inhibitory
fast,V2aD,35,0.16,0.3353275769874205,0.014886668542897734,inhibitory
fast,V2aD,35,0.17,0.3308649289663685,0.014977518927162635,inhibitory
fast,V2aD,35,0.18,0.3244987464549407,0.015064695558017453,inhibitory
fast,V2aD,35,0.19,0.32467880081774975,0.014805599739081495,inhibitory
fast,V2aD,35,0.2,0.328347010768953,0.015168213708003765,inhibitory
fast,V2aD,35,0.21,0.3275039358726907,0.015216581754815944,inhibitory
fast,V2aD,35,0.22,0.3242464072441291,0.015164744827547696,inhibitory
fast,V2aD,35,0.23,0.3223766691350539,0.015157553561687648,inhibitory
fast,V2aD,35,0.24,0.3170369411192964,0.014941446380497228,inhibitory
fast,V2aD,35,0.25,0.30688261191272387,0.014344296896140954,inhibitory
fast,V2aD,35,0.26,0.30052180536900214,0.013969000580743173,inhibitory
fast,V2aD,35,0.27,0.2945673588156878,0.013824877423699176,inhibitory
fast,V2aD,35,0.28,0.2899390474727699,0.013740671162673149,inhibitory
fast,V2aD,35,0.29,0.2862876500320639,0.013850074572077533,inhibitory
fast,V2aD,35,0.3,0.2904934033628216,0.014513956558567685,inhibitory
fast,V2aD,35,0.31,0.2988606402663313,0.015066529003356949,inhibitory
fast,V2aD,35,0.32,0.30431004712537185,0.015363606959831428,inhibitory
fast,V2aD,35,0.33,0.3000109700929691,0.01559746782090112,inhibitory
fast,V2aD,35,0.34,0.29481272955717847,0.015666754274568172,inhibitory
fast,V2aD,35,0.35,0.2922068169325289,0.01565738014885073,inhibitory
fast,V2aD,35,0.36,0.2963112612351198,0.016025068224360776,inhibitory
fast,V2aD,35,0.37,0.2955902279268813,0.016222359402447185,inhibitory
fast,V2aD,35,0.38,0.29299299021981534,0.016275021141655622,inhibitory
fast,V2aD,35,0.39,0.2909255117972685,0.016333071917544496,inhibitory
fast,V2aD,35,0.4,0.2874270010254684,0.016014729559184454,inhibitory
fast,V2aD,35,0.41,0.2898920671888998,0.01590764558812272,inhibitory
fast,V2aD,35,0.42,0.29038866962827037,0.016478860799927816,inhibitory
fast,V2aD,35,0.43,0.28813849817075876,0.016586407304062405,inhibitory
fast,V2aD,35,0.44,0.29646264692777047,0.016866877801181235,inhibitory
fast,V2aD,35,0.45,0.30079067181633573,0.017467333822842292,inhibitory
fast,V2aD,35,0.46,0.2991211045911796,0.017738720009578313,inhibitory
fast,V2aD,35,0.47,0.304393666677478,0.01791816310478871,inhibitory
fast,V2aD,35,0.48,0.30624507136821233,0.018241318140822957,inhibitory
fast,V2aD,35,0.49,0.3053212017344458,0.018163025216915943,inhibitory
fast,V2aD,35,0.5,0.3109317650357473,0.018669993205986304,inhibitory
fast,V2aD,45+,-0.5,0.4905131710069458,0.05893036650221876,inhibitory
fast,V2aD,45+,-0.49,0.497101421133902,0.05869391374967697,inhibitory
fast,V2aD,45+,-0.48,0.49749043904585155,0.05807255657704575,inhibitory
fast,V2aD,45+,-0.47,0.4890063999023418,0.05693862439882183,inhibitory
fast,V2aD,45+,-0.46,0.48430085436112047,0.05566412430090749,inhibitory
fast,V2aD,45+,-0.45,0.4817848435740855,0.054743492928776234,inhibitory
fast,V2aD,45+,-0.44,0.47783750818103365,0.054163167867623485,inhibitory
fast,V2aD,45+,-0.43,0.47390115673099165,0.053860731419327,inhibitory
fast,V2aD,45+,-0.42,0.47639989000512917,0.05347264748244873,inhibitory
fast,V2aD,45+,-0.41,0.48387186576052477,0.05224277921799962,inhibitory
fast,V2aD,45+,-0.4,0.502115399952815,0.05037267961160077,inhibitory
fast,V2aD,45+,-0.39,0.5243648642333983,0.05033871143775854,inhibitory
fast,V2aD,45+,-0.38,0.5384244139952346,0.051869739232169004,inhibitory
fast,V2aD,45+,-0.37,0.5303172282168613,0.0511024096912759,inhibitory
fast,V2aD,45+,-0.36,0.5215861985701197,0.048867207097473254,inhibitory
fast,V2aD,45+,-0.35,0.5134809420528278,0.04599563258349308,inhibitory
fast,V2aD,45+,-0.34,0.5190770081005807,0.043708820478838006,inhibitory
fast,V2aD,45+,-0.33,0.5350816121667615,0.04390073768943557,inhibitory
fast,V2aD,45+,-0.32,0.540312380201126,0.043886095096208624,inhibitory
fast,V2aD,45+,-0.31,0.5318102682815796,0.043204608265346355,inhibitory
fast,V2aD,45+,-0.3,0.5164993179545763,0.04157587660266826,inhibitory
fast,V2aD,45+,-0.29,0.5119484355755841,0.04024631286965097,inhibitory
fast,V2aD,45+,-0.28,0.5108739425292627,0.03978055878883882,inhibitory
fast,V2aD,45+,-0.27,0.5074202966337262,0.04055286471045844,inhibitory
fast,V2aD,45+,-0.26,0.4939647637234528,0.040785299809272736,inhibitory
fast,V2aD,45+,-0.25,0.4811180858371287,0.03976612410087934,inhibitory
fast,V2aD,45+,-0.24,0.4730114907130742,0.039304918501165666,inhibitory
fast,V2aD,45+,-0.23,0.47434052110053976,0.03849586692669949,inhibitory
fast,V2aD,45+,-0.22,0.4782158945459041,0.03822452525345832,inhibitory
fast,V2aD,45+,-0.21,0.4708536168626154,0.03759347843342311,inhibitory
fast,V2aD,45+,-0.2,0.45722464327512474,0.037352623478731854,inhibitory
fast,V2aD,45+,-0.19,0.4424879243580675,0.0367621444530186,inhibitory
fast,V2aD,45+,-0.18,0.43389946647751976,0.03747321814319754,inhibitory
fast,V2aD,45+,-0.17,0.4309715400432169,0.03832242314770011,inhibitory
fast,V2aD,45+,-0.16,0.4300212621915209,0.03755454945533503,inhibitory
fast,V2aD,45+,-0.15,0.42699605569957505,0.035967079689017134,inhibitory
fast,V2aD,45+,-0.14,0.4275020992692369,0.035099016467976474,inhibitory
fast,V2aD,45+,-0.13,0.4227540931892991,0.03525725328727412,inhibitory
fast,V2aD,45+,-0.12,0.4158410933575572,0.03598247333795344,inhibitory
fast,V2aD,45+,-0.11,0.4024973203854964,0.03638413349851031,inhibitory
fast,V2aD,45+,-0.1,0.39320191552285333,0.03665386837005746,inhibitory
fast,V2aD,45+,-0.09,0.39106997777723174,0.03648170969117733,inhibitory
fast,V2aD,45+,-0.08,0.387671975275533,0.036338038247381826,inhibitory
fast,V2aD,45+,-0.07,0.3787838608817547,0.03588041662004778,inhibitory
fast,V2aD,45+,-0.0599999999999999,0.3678673732765649,0.03536649576369466,inhibitory
fast,V2aD,45+,-0.0499999999999999,0.3513664082741664,0.034384170834227804,inhibitory
fast,V2aD,45+,-0.04,0.34412207380823023,0.03362959282809522,inhibitory
fast,V2aD,45+,-0.03,0.34621542802738897,0.0328960394261121,inhibitory
fast,V2aD,45+,-0.02,0.3515025630147791,0.03294207013993402,inhibitory
fast,V2aD,45+,-0.01,0.36121235681008323,0.03425135494572703,inhibitory
fast,V2aD,45+,0,0.3679858993987876,0.03478382793344587,inhibitory
fast,V2aD,45+,0.01,0.370825608897481,0.035462507188192625,inhibitory
fast,V2aD,45+,0.02,0.3695670923846068,0.03575480688431863,inhibitory
fast,V2aD,45+,0.03,0.3648691945829126,0.03541926985393346,inhibitory
fast,V2aD,45+,0.04,0.35861983949575255,0.035532131126910484,inhibitory
fast,V2aD,45+,0.0499999999999999,0.3559505203669542,0.0354741738928968,inhibitory
fast,V2aD,45+,0.0599999999999999,0.3580223139942676,0.03563558306751014,inhibitory
fast,V2aD,45+,0.07,0.3623306069271692,0.03580432475040429,inhibitory
fast,V2aD,45+,0.08,0.3623429608120466,0.03698683639325056,inhibitory
fast,V2aD,45+,0.09,0.358686414193985,0.03740646981985693,inhibitory
fast,V2aD,45+,0.1,0.3533178112715742,0.03727514163621802,inhibitory
fast,V2aD,45+,0.11,0.34937945189730746,0.03642650438633041,inhibitory
fast,V2aD,45+,0.12,0.3441793996019512,0.034651520005936055,inhibitory
fast,V2aD,45+,0.13,0.3478018697018954,0.0332783159581952,inhibitory
fast,V2aD,45+,0.14,0.35428422776170776,0.03395461127297011,inhibitory
fast,V2aD,45+,0.15,0.35091232717244053,0.03496829508214553,inhibitory
fast,V2aD,45+,0.16,0.3490135994882041,0.0352082195059489,inhibitory
fast,V2aD,45+,0.17,0.3516762779567402,0.03451400127103628,inhibitory
fast,V2aD,45+,0.18,0.3617012335605851,0.034791072253717734,inhibitory
fast,V2aD,45+,0.19,0.35898810884516213,0.03495730400755593,inhibitory
fast,V2aD,45+,0.2,0.3558966698747978,0.035484481759530825,inhibitory
fast,V2aD,45+,0.21,0.3540056040655207,0.034969569274300595,inhibitory
fast,V2aD,45+,0.22,0.35336292592171076,0.03445986839495304,inhibitory
fast,V2aD,45+,0.23,0.3507038081906768,0.03522788047250708,inhibitory
fast,V2aD,45+,0.24,0.3426808588866928,0.0358818775859527,inhibitory
fast,V2aD,45+,0.25,0.33361290683883843,0.03538763315825502,inhibitory
fast,V2aD,45+,0.26,0.33112541725365463,0.034995835019406334,inhibitory
fast,V2aD,45+,0.27,0.33208783001529874,0.035459555766338996,inhibitory
fast,V2aD,45+,0.28,0.32909365367686455,0.03568138419609693,inhibitory
fast,V2aD,45+,0.29,0.32397410862498444,0.035267839560668514,inhibitory
fast,V2aD,45+,0.3,0.31850189225085157,0.035394367154803125,inhibitory
fast,V2aD,45+,0.31,0.30908258572843106,0.035259276686606694,inhibitory
fast,V2aD,45+,0.32,0.29368570022700685,0.035589386151526486,inhibitory
fast,V2aD,45+,0.33,0.2868822002699772,0.03571790693980437,inhibitory
fast,V2aD,45+,0.34,0.2844673961649752,0.03541029451944576,inhibitory
fast,V2aD,45+,0.35,0.27664122800618435,0.035000905059486255,inhibitory
fast,V2aD,45+,0.36,0.2707920805738089,0.03426926545325756,inhibitory
fast,V2aD,45+,0.37,0.2677169978285854,0.03373310616259295,inhibitory
fast,V2aD,45+,0.38,0.27367109195372136,0.033375419835120365,inhibitory
fast,V2aD,45+,0.39,0.275737032409651,0.03435265181753772,inhibitory
fast,V2aD,45+,0.4,0.27567847071711177,0.035090977280826496,inhibitory
fast,V2aD,45+,0.41,0.27692639607163894,0.03537706242940135,inhibitory
fast,V2aD,45+,0.42,0.2832451559886036,0.035695708654195274,inhibitory
fast,V2aD,45+,0.43,0.3032953617455185,0.03744188208938985,inhibitory
fast,V2aD,45+,0.44,0.3179547406651183,0.03933043682952307,inhibitory
fast,V2aD,45+,0.45,0.3334471782309641,0.042200693323694846,inhibitory
fast,V2aD,45+,0.46,0.33623823237498607,0.04310868031723224,inhibitory
fast,V2aD,45+,0.47,0.33995085600177916,0.04237931633904196,inhibitory
fast,V2aD,45+,0.48,0.34819755416567844,0.0419505641716244,inhibitory
fast,V2aD,45+,0.49,0.3703435372353097,0.04262084684816857,inhibitory
fast,V2aD,45+,0.5,0.41621010125595753,0.04507732906728426,inhibitory
slow,V2aB,15,-0.5,0.6497018284465927,0.026794470989361295,inhibitory
slow,V2aB,15,-0.49,0.6557270354281256,0.025694809425482124,inhibitory
slow,V2aB,15,-0.48,0.6545699394571035,0.025050525724165572,inhibitory
slow,V2aB,15,-0.47,0.6446507252453232,0.02411031005801102,inhibitory
slow,V2aB,15,-0.46,0.6519716818068757,0.022739126134825843,inhibitory
slow,V2aB,15,-0.45,0.652177133421636,0.022809938726119708,inhibitory
slow,V2aB,15,-0.44,0.6346872601818093,0.021194439123618406,inhibitory
slow,V2aB,15,-0.43,0.6299536753591595,0.019559837161162795,inhibitory
slow,V2aB,15,-0.42,0.6308204893643349,0.019020913213372688,inhibitory
slow,V2aB,15,-0.41,0.6292832808678277,0.01801046130077767,inhibitory
slow,V2aB,15,-0.4,0.6190071938843136,0.017574391840924464,inhibitory
slow,V2aB,15,-0.39,0.6069137198973449,0.01689485423034701,inhibitory
slow,V2aB,15,-0.38,0.5986217905096097,0.016378369005923557,inhibitory
slow,V2aB,15,-0.37,0.5870237346665323,0.016583942458704738,inhibitory
slow,V2aB,15,-0.36,0.5690432426782069,0.016202253975358207,inhibitory
slow,V2aB,15,-0.35,0.5532075510053572,0.01600266755299634,inhibitory
slow,V2aB,15,-0.34,0.538733152589372,0.015749918985220872,inhibitory
slow,V2aB,15,-0.33,0.5248687460934996,0.015441517634378355,inhibitory
slow,V2aB,15,-0.32,0.5134669317332142,0.015500849614450155,inhibitory
slow,V2aB,15,-0.31,0.49385335724944945,0.014687447006033836,inhibitory
slow,V2aB,15,-0.3,0.47724558733131184,0.01429619771633883,inhibitory
slow,V2aB,15,-0.29,0.46390244853435386,0.014518934566645512,inhibitory
slow,V2aB,15,-0.28,0.4449224798213463,0.01414890261407597,inhibitory
slow,V2aB,15,-0.27,0.43027307535587594,0.014305343681224608,inhibitory
slow,V2aB,15,-0.26,0.4194193849350147,0.01427808647710845,inhibitory
slow,V2aB,15,-0.25,0.40313218041259924,0.013986529127496237,inhibitory
slow,V2aB,15,-0.24,0.39254062298651476,0.013459504311853464,inhibitory
slow,V2aB,15,-0.23,0.3825678079024747,0.013052711127919584,inhibitory
slow,V2aB,15,-0.22,0.36672037342412883,0.012696820894022107,inhibitory
slow,V2aB,15,-0.21,0.3543033988118761,0.01254329327493211,inhibitory
slow,V2aB,15,-0.2,0.3468138638722275,0.012731939330126743,inhibitory
slow,V2aB,15,-0.19,0.34052568419871304,0.012554275718706919,inhibitory
slow,V2aB,15,-0.18,0.32691315454322517,0.012314804341213001,inhibitory
slow,V2aB,15,-0.17,0.31476359229898504,0.011821584936992598,inhibitory
slow,V2aB,15,-0.16,0.3016811638199902,0.011577936102687788,inhibitory
slow,V2aB,15,-0.15,0.2873037361194083,0.011136738717628235,inhibitory
slow,V2aB,15,-0.14,0.27454805429445134,0.010757018963889068,inhibitory
slow,V2aB,15,-0.13,0.2615364560747009,0.010384253960912731,inhibitory
slow,V2aB,15,-0.12,0.25017791776926684,0.010412516283600567,inhibitory
slow,V2aB,15,-0.11,0.23743651628479454,0.01059656316659831,inhibitory
slow,V2aB,15,-0.1,0.22943579206291914,0.010331841123228006,inhibitory
slow,V2aB,15,-0.09,0.22500149427071803,0.010640511666483774,inhibitory
slow,V2aB,15,-0.08,0.22126427343633165,0.01125451394326019,inhibitory
slow,V2aB,15,-0.07,0.2212295097817861,0.011501538461474467,inhibitory
slow,V2aB,15,-0.0599999999999999,0.21507847400658694,0.012167142459851099,inhibitory
slow,V2aB,15,-0.0499999999999999,0.20409058471096045,0.011728726830240165,inhibitory
slow,V2aB,15,-0.04,0.19572913488244903,0.010990083900076306,inhibitory
slow,V2aB,15,-0.03,0.18762187639059408,0.010847305845190343,inhibitory
slow,V2aB,15,-0.02,0.179351150640715,0.010763386714615823,inhibitory
slow,V2aB,15,-0.01,0.17876052776071244,0.010844108624536242,inhibitory
slow,V2aB,15,0,0.17976794584377942,0.011242745374996723,inhibitory
slow,V2aB,15,0.01,0.17596958795876447,0.011762824825569142,inhibitory
slow,V2aB,15,0.02,0.16783161069897012,0.010883851870599282,inhibitory
slow,V2aB,15,0.03,0.16545964273299754,0.010595640809479341,inhibitory
slow,V2aB,15,0.04,0.1602844694683693,0.01051012567308526,inhibitory
slow,V2aB,15,0.0499999999999999,0.15332787371706316,0.010067717747726275,inhibitory
slow,V2aB,15,0.0599999999999999,0.15154332563473705,0.009485683545651082,inhibitory
slow,V2aB,15,0.07,0.148664108716979,0.009328972204732396,inhibitory
slow,V2aB,15,0.08,0.1492997796973311,0.009672511265382298,inhibitory
slow,V2aB,15,0.09,0.14752629090729105,0.009691014786074351,inhibitory
slow,V2aB,15,0.1,0.15012445122345525,0.010348960313365272,inhibitory
slow,V2aB,15,0.11,0.1478061132724833,0.010860954796279385,inhibitory
slow,V2aB,15,0.12,0.1401386144826363,0.010577152346709043,inhibitory
slow,V2aB,15,0.13,0.13768186406193264,0.010549437199241618,inhibitory
slow,V2aB,15,0.14,0.14461896984287453,0.011775155906342035,inhibitory
slow,V2aB,15,0.15,0.14989791874959038,0.013066917040868518,inhibitory
slow,V2aB,15,0.16,0.1477671620047614,0.012265120994256688,inhibitory
slow,V2aB,15,0.17,0.1486073409583353,0.012184029413770921,inhibitory
slow,V2aB,15,0.18,0.15764697531240107,0.013725589241519415,inhibitory
slow,V2aB,15,0.19,0.15573864137304744,0.013535360283975596,inhibitory
slow,V2aB,15,0.2,0.15961808593105947,0.013852975425448746,inhibitory
slow,V2aB,15,0.21,0.16981907462023263,0.015059761870456014,inhibitory
slow,V2aB,15,0.22,0.17506485087550536,0.016629589018419967,inhibitory
slow,V2aB,15,0.23,0.18006683709288462,0.01734006102457127,inhibitory
slow,V2aB,15,0.24,0.18740218996021385,0.01789894714097116,inhibitory
slow,V2aB,15,0.25,0.18765523580600724,0.0185057560980008,inhibitory
slow,V2aB,15,0.26,0.1962165708308589,0.018669347637274427,inhibitory
slow,V2aB,15,0.27,0.22433684392158323,0.02063189624634777,inhibitory
slow,V2aB,15,0.28,0.24508170088561243,0.02236834900704988,inhibitory
slow,V2aB,15,0.29,0.2637669303079319,0.023115255017971157,inhibitory
slow,V2aB,15,0.3,0.2809024497957527,0.02396131703836326,inhibitory
slow,V2aB,15,0.31,0.28765799846369294,0.023854018199426747,inhibitory
slow,V2aB,15,0.32,0.2913858660059553,0.02365231490582332,inhibitory
slow,V2aB,15,0.33,0.30715453487960226,0.0240549516842581,inhibitory
slow,V2aB,15,0.34,0.3154405041519771,0.024679210909998753,inhibitory
slow,V2aB,15,0.35,0.32080467249998473,0.024541213027661553,inhibitory
slow,V2aB,15,0.36,0.3247527822392849,0.02498210795830839,inhibitory
slow,V2aB,15,0.37,0.3280401342514597,0.024495943314592213,inhibitory
slow,V2aB,15,0.38,0.3428044852345269,0.02427871662000664,inhibitory
slow,V2aB,15,0.39,0.3520191552897097,0.02429960495239249,inhibitory
slow,V2aB,15,0.4,0.3652573913462015,0.024654318233059726,inhibitory
slow,V2aB,15,0.41,0.37796471950392496,0.025409039176673556,inhibitory
slow,V2aB,15,0.42,0.3901605607755671,0.025328866098266994,inhibitory
slow,V2aB,15,0.43,0.4061766024530723,0.025665483257045412,inhibitory
slow,V2aB,15,0.44,0.4074788397979665,0.02574122495657626,inhibitory
slow,V2aB,15,0.45,0.41176373864301474,0.025356272068542348,inhibitory
slow,V2aB,15,0.46,0.4277826824381611,0.02546736273204296,inhibitory
slow,V2aB,15,0.47,0.440535022061131,0.025635736623934834,inhibitory
slow,V2aB,15,0.48,0.4585726771794377,0.02502236438917369,inhibitory
slow,V2aB,15,0.49,0.4766581658724103,0.025428154844392283,inhibitory
slow,V2aB,15,0.5,0.4804293118363315,0.025269977015982662,inhibitory
slow,V2aB,25,-0.5,0.6691729018319026,0.010783935935273747,inhibitory
slow,V2aB,25,-0.49,0.6762895863892371,0.010477233091080267,inhibitory
slow,V2aB,25,-0.48,0.6798021683940015,0.010145192127292757,inhibitory
slow,V2aB,25,-0.47,0.6783449191162144,0.009856932576860078,inhibitory
slow,V2aB,25,-0.46,0.6742797433563731,0.009463166525092171,inhibitory
slow,V2aB,25,-0.45,0.6681978125142928,0.009133072672249146,inhibitory
slow,V2aB,25,-0.44,0.6632930957555809,0.008953913723136626,inhibitory
slow,V2aB,25,-0.43,0.6571004005730291,0.008816721148488022,inhibitory
slow,V2aB,25,-0.42,0.6513513280344876,0.008727762254387716,inhibitory
slow,V2aB,25,-0.41,0.6458049981507418,0.008569933128598559,inhibitory
slow,V2aB,25,-0.4,0.6412670640911272,0.008373703278400476,inhibitory
slow,V2aB,25,-0.39,0.6390696762832241,0.00831016121699178,inhibitory
slow,V2aB,25,-0.38,0.6310948902706444,0.008089398363049075,inhibitory
slow,V2aB,25,-0.37,0.6199648654421435,0.00782399751508811,inhibitory
slow,V2aB,25,-0.36,0.6069966883594495,0.007668708918040559,inhibitory
slow,V2aB,25,-0.35,0.5943385610127797,0.007703926599517198,inhibitory
slow,V2aB,25,-0.34,0.5858692727257344,0.007730662733321464,inhibitory
slow,V2aB,25,-0.33,0.5749385922955604,0.007512389142327327,inhibitory
slow,V2aB,25,-0.32,0.5616905232704716,0.007316721681613682,inhibitory
slow,V2aB,25,-0.31,0.5462080673451258,0.007159972093304089,inhibitory
slow,V2aB,25,-0.3,0.5306016967285977,0.007049243385212892,inhibitory
slow,V2aB,25,-0.29,0.5162085225040595,0.006930383926321173,inhibitory
slow,V2aB,25,-0.28,0.4988907714212009,0.006844845202658602,inhibitory
slow,V2aB,25,-0.27,0.483449613086785,0.006807881091782735,inhibitory
slow,V2aB,25,-0.26,0.46475935174678884,0.0067178481340739,inhibitory
slow,V2aB,25,-0.25,0.44446077641857784,0.006637737469653282,inhibitory
slow,V2aB,25,-0.24,0.4262056677070662,0.006421780396533749,inhibitory
slow,V2aB,25,-0.23,0.4128036994107553,0.006337112873460002,inhibitory
slow,V2aB,25,-0.22,0.4008263078750147,0.006324202705599236,inhibitory
slow,V2aB,25,-0.21,0.38413100733114386,0.006380097538515347,inhibitory
slow,V2aB,25,-0.2,0.36748823491062615,0.006470475946253422,inhibitory
slow,V2aB,25,-0.19,0.3510238003034333,0.006425870156190442,inhibitory
slow,V2aB,25,-0.18,0.3352439203176407,0.006382193454704431,inhibitory
slow,V2aB,25,-0.17,0.3196151870737945,0.006298901314752327,inhibitory
slow,V2aB,25,-0.16,0.3029887561397346,0.006251291437775387,inhibitory
slow,V2aB,25,-0.15,0.29025951943143996,0.006182310133656005,inhibitory
slow,V2aB,25,-0.14,0.27850588004131377,0.00601184127436277,inhibitory
slow,V2aB,25,-0.13,0.2671109472823859,0.0060011400095938165,inhibitory
slow,V2aB,25,-0.12,0.2559687201916254,0.0060874758777602084,inhibitory
slow,V2aB,25,-0.11,0.24674026205115857,0.006070026998487903,inhibitory
slow,V2aB,25,-0.1,0.2378022678640432,0.0059836513974035775,inhibitory
slow,V2aB,25,-0.09,0.2306345196532853,0.006127257595239062,inhibitory
slow,V2aB,25,-0.08,0.22385311842098807,0.006155899210713642,inhibitory
slow,V2aB,25,-0.07,0.2172932631201437,0.006011109033615603,inhibitory
slow,V2aB,25,-0.0599999999999999,0.21060854374288882,0.006081637425063864,inhibitory
slow,V2aB,25,-0.0499999999999999,0.20331225293636065,0.006252126931898358,inhibitory
slow,V2aB,25,-0.04,0.19734659111505717,0.006233460532376477,inhibitory
slow,V2aB,25,-0.03,0.19423653588134582,0.006170035485581594,inhibitory
slow,V2aB,25,-0.02,0.19145238694137312,0.006115502168791145,inhibitory
slow,V2aB,25,-0.01,0.19041506836876831,0.006088150782525445,inhibitory
slow,V2aB,25,0,0.18957248653272915,0.006211233904827257,inhibitory
slow,V2aB,25,0.01,0.18909389519543843,0.00619444634650297,inhibitory
slow,V2aB,25,0.02,0.19064034284848688,0.0062852162787763125,inhibitory
slow,V2aB,25,0.03,0.19372440792272494,0.006369546236722008,inhibitory
slow,V2aB,25,0.04,0.2016539282272726,0.006411362479077161,inhibitory
slow,V2aB,25,0.0499999999999999,0.20883169275341684,0.00641032299665705,inhibitory
slow,V2aB,25,0.0599999999999999,0.2156200140953233,0.006440322995460547,inhibitory
slow,V2aB,25,0.07,0.21907985930710414,0.006533465220036711,inhibitory
slow,V2aB,25,0.08,0.22360483443187715,0.006629437345832433,inhibitory
slow,V2aB,25,0.09,0.2265589338144594,0.006645667126879922,inhibitory
slow,V2aB,25,0.1,0.2316883228712221,0.0066894851480481755,inhibitory
slow,V2aB,25,0.11,0.23985768825324233,0.006840680993425492,inhibitory
slow,V2aB,25,0.12,0.24677910858475008,0.0070096018395395445,inhibitory
slow,V2aB,25,0.13,0.2525608744671023,0.00714252970436642,inhibitory
slow,V2aB,25,0.14,0.2565948426754871,0.0071517991863324845,inhibitory
slow,V2aB,25,0.15,0.26090787263937937,0.007087678368160765,inhibitory
slow,V2aB,25,0.16,0.26537103553314617,0.007127119639344525,inhibitory
slow,V2aB,25,0.17,0.2715766587646414,0.007305873982122426,inhibitory
slow,V2aB,25,0.18,0.2779901396766498,0.00745756763722035,inhibitory
slow,V2aB,25,0.19,0.27888277832533637,0.0073711427308667254,inhibitory
slow,V2aB,25,0.2,0.27934427395915656,0.007363095033545163,inhibitory
slow,V2aB,25,0.21,0.28117870833495684,0.007415552340605216,inhibitory
slow,V2aB,25,0.22,0.2857749402630527,0.007628594404923452,inhibitory
slow,V2aB,25,0.23,0.2906691083020192,0.007835732708627982,inhibitory
slow,V2aB,25,0.24,0.29393830703886353,0.007989126091809826,inhibitory
slow,V2aB,25,0.25,0.2969647348219981,0.008087294222048005,inhibitory
slow,V2aB,25,0.26,0.3008121338309114,0.008191707426621666,inhibitory
slow,V2aB,25,0.27,0.3073024840292741,0.008401261118492648,inhibitory
slow,V2aB,25,0.28,0.31722296991639864,0.008790328434768912,inhibitory
slow,V2aB,25,0.29,0.3249698139844883,0.009005428388430775,inhibitory
slow,V2aB,25,0.3,0.334825202220332,0.00891747015001973,inhibitory
slow,V2aB,25,0.31,0.3434480731931597,0.008981048789540272,inhibitory
slow,V2aB,25,0.32,0.35083273582499497,0.009096691802704426,inhibitory
slow,V2aB,25,0.33,0.3591011794096869,0.00930835091580945,inhibitory
slow,V2aB,25,0.34,0.36936613830017284,0.009498103274741567,inhibitory
slow,V2aB,25,0.35,0.3764597767629788,0.00949982984992426,inhibitory
slow,V2aB,25,0.36,0.38485940901790866,0.009606693272513062,inhibitory
slow,V2aB,25,0.37,0.394106598809291,0.009652719417787569,inhibitory
slow,V2aB,25,0.38,0.40582174817475536,0.009700396431142119,inhibitory
slow,V2aB,25,0.39,0.4183962308685097,0.00988001491670667,inhibitory
slow,V2aB,25,0.4,0.43163742661623844,0.009803234918100564,inhibitory
slow,V2aB,25,0.41,0.4452442542424547,0.009947997591697566,inhibitory
slow,V2aB,25,0.42,0.45549183802077076,0.010179112430846836,inhibitory
slow,V2aB,25,0.43,0.4648278182085088,0.010241288722311849,inhibitory
slow,V2aB,25,0.44,0.4756178615963938,0.010356451553080242,inhibitory
slow,V2aB,25,0.45,0.48675036015666867,0.010329233736662172,inhibitory
slow,V2aB,25,0.46,0.5016406254709389,0.010325748242288995,inhibitory
slow,V2aB,25,0.47,0.5139413020065652,0.010303374015561369,inhibitory
slow,V2aB,25,0.48,0.5252329975774631,0.01032647415528031,inhibitory
slow,V2aB,25,0.49,0.5350164794597763,0.010427787759559772,inhibitory
slow,V2aB,25,0.5,0.5429308918041237,0.010473378076613004,inhibitory
slow,V2aB,35,-0.5,0.6268011509517836,0.027885764297038592,inhibitory
slow,V2aB,35,-0.49,0.624814198849989,0.027710546514884887,inhibitory
slow,V2aB,35,-0.48,0.6128404694393196,0.02691552029713721,inhibitory
slow,V2aB,35,-0.47,0.6008161203649324,0.02665448957585769,inhibitory
slow,V2aB,35,-0.46,0.5926392540609317,0.026661566778351818,inhibitory
slow,V2aB,35,-0.45,0.583224634803169,0.026103734592835316,inhibitory
slow,V2aB,35,-0.44,0.5790376755476739,0.025141310394499444,inhibitory
slow,V2aB,35,-0.43,0.5767278849841367,0.024612145139758724,inhibitory
slow,V2aB,35,-0.42,0.575926252345716,0.025177861870427223,inhibitory
slow,V2aB,35,-0.41,0.5746765467848173,0.024998127933096158,inhibitory
slow,V2aB,35,-0.4,0.5711492540141283,0.024322873060595124,inhibitory
slow,V2aB,35,-0.39,0.569487064524894,0.024571052906679047,inhibitory
slow,V2aB,35,-0.38,0.5636672693503246,0.024450966301210707,inhibitory
slow,V2aB,35,-0.37,0.5499566846791115,0.023787448188222055,inhibitory
slow,V2aB,35,-0.36,0.5372503921634907,0.023205856782264337,inhibitory
slow,V2aB,35,-0.35,0.5321360068435124,0.023486808749478068,inhibitory
slow,V2aB,35,-0.34,0.5210562295076957,0.02405152439460754,inhibitory
slow,V2aB,35,-0.33,0.49821699362374106,0.024421675328029035,inhibitory
slow,V2aB,35,-0.32,0.47288872438154644,0.024661933372157656,inhibitory
slow,V2aB,35,-0.31,0.4552646041707627,0.02381561863048574,inhibitory
slow,V2aB,35,-0.3,0.43688317051715087,0.022541506259253448,inhibitory
slow,V2aB,35,-0.29,0.42371592496487276,0.022330785318861523,inhibitory
slow,V2aB,35,-0.28,0.41036875828563635,0.02268236522573086,inhibitory
slow,V2aB,35,-0.27,0.40400694917720487,0.022989937406070506,inhibitory
slow,V2aB,35,-0.26,0.3994921585693085,0.02239473475160214,inhibitory
slow,V2aB,35,-0.25,0.39666732884530187,0.02182749416351359,inhibitory
slow,V2aB,35,-0.24,0.38408933371729764,0.02157681116551333,inhibitory
slow,V2aB,35,-0.23,0.36339863167525954,0.020315808699152133,inhibitory
slow,V2aB,35,-0.22,0.35127409443531704,0.01974066607749017,inhibitory
slow,V2aB,35,-0.21,0.3425658602746085,0.020602572290844015,inhibitory
slow,V2aB,35,-0.2,0.3311282907111672,0.020359761041703225,inhibitory
slow,V2aB,35,-0.19,0.32395596667143167,0.01991380186377407,inhibitory
slow,V2aB,35,-0.18,0.326255344231608,0.01984910887799375,inhibitory
slow,V2aB,35,-0.17,0.3219508968676439,0.02018664136483952,inhibitory
slow,V2aB,35,-0.16,0.31543819616471935,0.020854915914337014,inhibitory
slow,V2aB,35,-0.15,0.30984475444201776,0.02088294916524081,inhibitory
slow,V2aB,35,-0.14,0.3068538861825266,0.02085900152817548,inhibitory
slow,V2aB,35,-0.13,0.3065814552603373,0.02176978770290076,inhibitory
slow,V2aB,35,-0.12,0.30893661077368323,0.02170067990467271,inhibitory
slow,V2aB,35,-0.11,0.3113872467403744,0.02113940835549778,inhibitory
slow,V2aB,35,-0.1,0.3121043610361894,0.021302570101380033,inhibitory
slow,V2aB,35,-0.09,0.31326849437441023,0.0215415268648882,inhibitory
slow,V2aB,35,-0.08,0.3097873011634676,0.021799475814808365,inhibitory
slow,V2aB,35,-0.07,0.31064594501718273,0.02270148633553381,inhibitory
slow,V2aB,35,-0.0599999999999999,0.3165755592113235,0.022760685548856914,inhibitory
slow,V2aB,35,-0.0499999999999999,0.3129009711534315,0.02212708510900197,inhibitory
slow,V2aB,35,-0.04,0.30415312611492284,0.021729074806602633,inhibitory
slow,V2aB,35,-0.03,0.30294212975535145,0.022928244657556312,inhibitory
slow,V2aB,35,-0.02,0.30270097956655734,0.024072953638233714,inhibitory
slow,V2aB,35,-0.01,0.29495153261380536,0.024007718392736337,inhibitory
slow,V2aB,35,0,0.2935939840677531,0.023704544378504434,inhibitory
slow,V2aB,35,0.01,0.29516402367352346,0.023559749025011123,inhibitory
slow,V2aB,35,0.02,0.2895047705208278,0.0232251326835206,inhibitory
slow,V2aB,35,0.03,0.29282337588386415,0.02307992466885802,inhibitory
slow,V2aB,35,0.04,0.29939572435592426,0.023279401754160108,inhibitory
slow,V2aB,35,0.0499999999999999,0.30029530163092744,0.023481304053460335,inhibitory
slow,V2aB,35,0.0599999999999999,0.30063025336912275,0.023316329891271338,inhibitory
slow,V2aB,35,0.07,0.29615478121999655,0.023157209904564633,inhibitory
slow,V2aB,35,0.08,0.2928368164214901,0.02255695552375766,inhibitory
slow,V2aB,35,0.09,0.29811554539700597,0.022801998707977146,inhibitory
slow,V2aB,35,0.1,0.3110194137597151,0.023812946572231954,inhibitory
slow,V2aB,35,0.11,0.32037646740220244,0.02397179796443171,inhibitory
slow,V2aB,35,0.12,0.33761627890613183,0.02425148416228992,inhibitory
slow,V2aB,35,0.13,0.35059024161896835,0.025203214182819542,inhibitory
slow,V2aB,35,0.14,0.3539818266743253,0.02547468800592911,inhibitory
slow,V2aB,35,0.15,0.35466412133622377,0.024970066394868526,inhibitory
slow,V2aB,35,0.16,0.35614225563455515,0.02427902934962237,inhibitory
slow,V2aB,35,0.17,0.3566588069460047,0.023337558675640614,inhibitory
slow,V2aB,35,0.18,0.3515865614755131,0.02229017397456302,inhibitory
slow,V2aB,35,0.19,0.35828484320427434,0.02235266933298762,inhibitory
slow,V2aB,35,0.2,0.36877889868652025,0.022246451839692035,inhibitory
slow,V2aB,35,0.21,0.3827252734382738,0.02258373128625025,inhibitory
slow,V2aB,35,0.22,0.39550579145635184,0.023309851443206686,inhibitory
slow,V2aB,35,0.23,0.402939066593063,0.023680633185192604,inhibitory
slow,V2aB,35,0.24,0.40847265121471543,0.023348904690939334,inhibitory
slow,V2aB,35,0.25,0.4143704391141696,0.023311985591752387,inhibitory
slow,V2aB,35,0.26,0.4205515319872018,0.023955878277014394,inhibitory
slow,V2aB,35,0.27,0.42438000053927466,0.02416323054197577,inhibitory
slow,V2aB,35,0.28,0.4286688656118365,0.024634486931595506,inhibitory
slow,V2aB,35,0.29,0.4293035054020364,0.025223710509459922,inhibitory
slow,V2aB,35,0.3,0.4335318975824015,0.0251042894921511,inhibitory
slow,V2aB,35,0.31,0.44791671616705553,0.02451421990356099,inhibitory
slow,V2aB,35,0.32,0.4607381589901934,0.02448079251061528,inhibitory
slow,V2aB,35,0.33,0.4683339948199862,0.02489351189398042,inhibitory
slow,V2aB,35,0.34,0.48666830013892337,0.02536933391341454,inhibitory
slow,V2aB,35,0.35,0.5057218391112515,0.025447974128740603,inhibitory
slow,V2aB,35,0.36,0.509647089969605,0.024831340998150465,inhibitory
slow,V2aB,35,0.37,0.5057134254278851,0.0255527727694033,inhibitory
slow,V2aB,35,0.38,0.5012185582163216,0.02543171402188912,inhibitory
slow,V2aB,35,0.39,0.5066511850784758,0.02434662470349614,inhibitory
slow,V2aB,35,0.4,0.5121774254242624,0.023317794959038223,inhibitory
slow,V2aB,35,0.41,0.5106570189542302,0.023213976994380082,inhibitory
slow,V2aB,35,0.42,0.5187266740263008,0.02280629269450141,inhibitory
slow,V2aB,35,0.43,0.538419574608832,0.023212058841158623,inhibitory
slow,V2aB,35,0.44,0.5417565165617817,0.024007756677958764,inhibitory
slow,V2aB,35,0.45,0.5342491596861453,0.02470460494042525,inhibitory
slow,V2aB,35,0.46,0.5300144641842911,0.02540842444573667,inhibitory
slow,V2aB,35,0.47,0.5168157988339042,0.02546475066527821,inhibitory
slow,V2aB,35,0.48,0.5077370328234798,0.02547089415491314,inhibitory
slow,V2aB,35,0.49,0.5109743308628987,0.0254432368392036,inhibitory
slow,V2aB,35,0.5,0.514596938888953,0.02607007627808727,inhibitory
slow,V2aB,45+,-0.5,0.4309397576160042,0.06308068465112981,inhibitory
slow,V2aB,45+,-0.49,0.41992832265187263,0.06230728153068318,inhibitory
slow,V2aB,45+,-0.48,0.4139840980085884,0.06359666668504337,inhibitory
slow,V2aB,45+,-0.47,0.41448500831463686,0.06465736419155578,inhibitory
slow,V2aB,45+,-0.46,0.4228546029315522,0.06151368348808381,inhibitory
slow,V2aB,45+,-0.45,0.4355877391887356,0.05792078435543753,inhibitory
slow,V2aB,45+,-0.44,0.4593502313907083,0.057425306950081446,inhibitory
slow,V2aB,45+,-0.43,0.47731866025982556,0.06060608494819737,inhibitory
slow,V2aB,45+,-0.42,0.4812335523829209,0.06137341737665922,inhibitory
slow,V2aB,45+,-0.41,0.4775328350089254,0.0593303700215753,inhibitory
slow,V2aB,45+,-0.4,0.47197943687128835,0.056698469930090145,inhibitory
slow,V2aB,45+,-0.39,0.4701567939852855,0.0560274957010028,inhibitory
slow,V2aB,45+,-0.38,0.4624549128413229,0.05318735597876447,inhibitory
slow,V2aB,45+,-0.37,0.449109136564865,0.05147421884426647,inhibitory
slow,V2aB,45+,-0.36,0.4368538727847574,0.05172935908653201,inhibitory
slow,V2aB,45+,-0.35,0.4311155585471776,0.052303223248264384,inhibitory
slow,V2aB,45+,-0.34,0.43362649358585276,0.05348492654976737,inhibitory
slow,V2aB,45+,-0.33,0.43961924361151755,0.04876806481586075,inhibitory
slow,V2aB,45+,-0.32,0.45409273196831207,0.04709695894107736,inhibitory
slow,V2aB,45+,-0.31,0.4657030146826193,0.04821492124396246,inhibitory
slow,V2aB,45+,-0.3,0.46022918178063205,0.04910396517241467,inhibitory
slow,V2aB,45+,-0.29,0.4457956505560974,0.04975243553397092,inhibitory
slow,V2aB,45+,-0.28,0.42691780091259557,0.05020932378618611,inhibitory
slow,V2aB,45+,-0.27,0.4126238834045615,0.0495862398851278,inhibitory
slow,V2aB,45+,-0.26,0.39458974410248165,0.04780024090173862,inhibitory
slow,V2aB,45+,-0.25,0.3763026000418036,0.047206516953202715,inhibitory
slow,V2aB,45+,-0.24,0.36700942487230637,0.045888396960326504,inhibitory
slow,V2aB,45+,-0.23,0.35979321172059314,0.04493769628078974,inhibitory
slow,V2aB,45+,-0.22,0.3545622468183437,0.04332319480140147,inhibitory
slow,V2aB,45+,-0.21,0.350559453176803,0.04143692753837475,inhibitory
slow,V2aB,45+,-0.2,0.34547181109027875,0.04058272282855282,inhibitory
slow,V2aB,45+,-0.19,0.3267811889269578,0.03878727256874786,inhibitory
slow,V2aB,45+,-0.18,0.3154541972977518,0.03654530099600549,inhibitory
slow,V2aB,45+,-0.17,0.3164828034780652,0.035955500305913046,inhibitory
slow,V2aB,45+,-0.16,0.323562353869603,0.03527822560922195,inhibitory
slow,V2aB,45+,-0.15,0.33569312009281876,0.03536607030684982,inhibitory
slow,V2aB,45+,-0.14,0.34998236153558265,0.0366965778553607,inhibitory
slow,V2aB,45+,-0.13,0.36069955018847455,0.04020950626401871,inhibitory
slow,V2aB,45+,-0.12,0.35706181971847706,0.041663379118321804,inhibitory
slow,V2aB,45+,-0.11,0.3521550932103493,0.0411800346190333,inhibitory
slow,V2aB,45+,-0.1,0.3504208949743872,0.037243971824217084,inhibitory
slow,V2aB,45+,-0.09,0.35407246608799137,0.03502723970818702,inhibitory
slow,V2aB,45+,-0.08,0.35211265219850596,0.03512952493295139,inhibitory
slow,V2aB,45+,-0.07,0.34073343915044185,0.03506713865114764,inhibitory
slow,V2aB,45+,-0.0599999999999999,0.32267658237201524,0.03515726375134497,inhibitory
slow,V2aB,45+,-0.0499999999999999,0.3123587224758871,0.0367359424547001,inhibitory
slow,V2aB,45+,-0.04,0.313888732500894,0.0373245036471677,inhibitory
slow,V2aB,45+,-0.03,0.3173958624459034,0.0359707060906313,inhibitory
slow,V2aB,45+,-0.02,0.32235048066111305,0.03338066179200337,inhibitory
slow,V2aB,45+,-0.01,0.3250897715292404,0.03333116151471786,inhibitory
slow,V2aB,45+,0,0.3301021546357353,0.035664244569819786,inhibitory
slow,V2aB,45+,0.01,0.3349269202029365,0.03882777460507965,inhibitory
slow,V2aB,45+,0.02,0.33139985658016635,0.04008009974813563,inhibitory
slow,V2aB,45+,0.03,0.3283203638936863,0.04074866724401335,inhibitory
slow,V2aB,45+,0.04,0.31959379905973434,0.03917691644167115,inhibitory
slow,V2aB,45+,0.0499999999999999,0.3162825057432582,0.03734079466329311,inhibitory
slow,V2aB,45+,0.0599999999999999,0.3230274730687474,0.0391622472029691,inhibitory
slow,V2aB,45+,0.07,0.3224906772257589,0.042260331400954865,inhibitory
slow,V2aB,45+,0.08,0.314456194034892,0.04318032533573031,inhibitory
slow,V2aB,45+,0.09,0.2975689650749788,0.04124949740194431,inhibitory
slow,V2aB,45+,0.1,0.28137973285410955,0.039359250465401334,inhibitory
slow,V2aB,45+,0.11,0.27011032357882875,0.03956655879306746,inhibitory
slow,V2aB,45+,0.12,0.2588491297623358,0.039488082463723484,inhibitory
slow,V2aB,45+,0.13,0.251552428767852,0.038257613409322995,inhibitory
slow,V2aB,45+,0.14,0.24212975637459716,0.03735141932402442,inhibitory
slow,V2aB,45+,0.15,0.24701570700534467,0.03902370766907069,inhibitory
slow,V2aB,45+,0.16,0.2597781890455434,0.040557093496462436,inhibitory
slow,V2aB,45+,0.17,0.28097547610660784,0.041942662531572285,inhibitory
slow,V2aB,45+,0.18,0.3034245136457404,0.04405929901566167,inhibitory
slow,V2aB,45+,0.19,0.33239804735852413,0.05044217948477828,inhibitory
slow,V2aB,45+,0.2,0.3523119857207967,0.05517172772291354,inhibitory
slow,V2aB,45+,0.21,0.36915489671527474,0.05664355967805359,inhibitory
slow,V2aB,45+,0.22,0.3707798423315064,0.05677443929834689,inhibitory
slow,V2aB,45+,0.23,0.37013480732997367,0.057714996177384334,inhibitory
slow,V2aB,45+,0.24,0.3658148764201247,0.057814657776086575,inhibitory
slow,V2aB,45+,0.25,0.37085028702796663,0.05856577163903681,inhibitory
slow,V2aB,45+,0.26,0.37605877622927164,0.06030872870749537,inhibitory
slow,V2aB,45+,0.27,0.39353140387703556,0.0630281451692184,inhibitory
slow,V2aB,45+,0.28,0.4132560001447003,0.06039194219352213,inhibitory
slow,V2aB,45+,0.29,0.44099498704532336,0.05517293432576821,inhibitory
slow,V2aB,45+,0.3,0.465923569442311,0.0566877277734614,inhibitory
slow,V2aB,45+,0.31,0.4710781940918497,0.05420983727281084,inhibitory
slow,V2aB,45+,0.32,0.49724426325013826,0.04937054785126548,inhibitory
slow,V2aB,45+,0.33,0.5374181321333948,0.04859151505534416,inhibitory
slow,V2aB,45+,0.34,0.5692223610859024,0.050512528650545216,inhibitory
slow,V2aB,45+,0.35,0.5680742796483731,0.04752486277403622,inhibitory
slow,V2aB,45+,0.36,0.5621399850348031,0.04470784851984043,inhibitory
slow,V2aB,45+,0.37,0.5527081086268071,0.04444213272701726,inhibitory
slow,V2aB,45+,0.38,0.5358350640355487,0.045657500274996834,inhibitory
slow,V2aB,45+,0.39,0.5263657286983514,0.047671273830619115,inhibitory
slow,V2aB,45+,0.4,0.5256367617685084,0.0487464001809885,inhibitory
slow,V2aB,45+,0.41,0.5191229027813278,0.04916064387455791,inhibitory
slow,V2aB,45+,0.42,0.5014551763821554,0.04690191482427444,inhibitory
slow,V2aB,45+,0.43,0.47863697591513327,0.04355400739425449,inhibitory
slow,V2aB,45+,0.44,0.4641457615097733,0.041587835368834224,inhibitory
slow,V2aB,45+,0.45,0.4654829324107278,0.04244421278028954,inhibitory
slow,V2aB,45+,0.46,0.4729576234835569,0.045332161736741726,inhibitory
slow,V2aB,45+,0.47,0.4807694214468412,0.050226435218879845,inhibitory
slow,V2aB,45+,0.48,0.48362916392090904,0.05107524051798389,inhibitory
slow,V2aB,45+,0.49,0.4725419990467122,0.050054906847221595,inhibitory
slow,V2aB,45+,0.5,0.45184129882783164,0.047340390909617794,inhibitory
slow,V2aD,15,-0.5,0.6615041711414918,0.012537113629287326,inhibitory
slow,V2aD,15,-0.49,0.6588145181920428,0.012145270353412056,inhibitory
slow,V2aD,15,-0.48,0.658075345356791,0.01184318975383966,inhibitory
slow,V2aD,15,-0.47,0.6458807396325642,0.011526247579821855,inhibitory
slow,V2aD,15,-0.46,0.6404443846350149,0.01141374435502152,inhibitory
slow,V2aD,15,-0.45,0.6352855067925294,0.011166169135612424,inhibitory
slow,V2aD,15,-0.44,0.6226060743962106,0.011161262551207097,inhibitory
slow,V2aD,15,-0.43,0.6130656252352567,0.0107278752205619,inhibitory
slow,V2aD,15,-0.42,0.6055354889225516,0.010370555331382187,inhibitory
slow,V2aD,15,-0.41,0.5927018869525319,0.010155433702097491,inhibitory
slow,V2aD,15,-0.4,0.580927376969814,0.010137722975475882,inhibitory
slow,V2aD,15,-0.39,0.5680074742167462,0.009779340366036718,inhibitory
slow,V2aD,15,-0.38,0.5496818794139713,0.0097478300944109815,inhibitory
slow,V2aD,15,-0.37,0.5383967587220183,0.009675342006479015,inhibitory
slow,V2aD,15,-0.36,0.5270024739143648,0.009621277069882184,inhibitory
slow,V2aD,15,-0.35,0.5143966223696601,0.009520545236837697,inhibitory
slow,V2aD,15,-0.34,0.4981969548772658,0.009427982597376648,inhibitory
slow,V2aD,15,-0.33,0.48394211971175466,0.009249723144950492,inhibitory
slow,V2aD,15,-0.32,0.4772978668149871,0.00872019073941263,inhibitory
slow,V2aD,15,-0.31,0.46886327649610077,0.008591387237908258,inhibitory
slow,V2aD,15,-0.3,0.4478186455072292,0.008566431388331111,inhibitory
slow,V2aD,15,-0.29,0.4364735357249634,0.00850276626822946,inhibitory
slow,V2aD,15,-0.28,0.43524825469970413,0.008727458220105955,inhibitory
slow,V2aD,15,-0.27,0.42748859529410077,0.008856675008737798,inhibitory
slow,V2aD,15,-0.26,0.41338125275624105,0.008584609844924863,inhibitory
slow,V2aD,15,-0.25,0.40437369333029094,0.00860619881961248,inhibitory
slow,V2aD,15,-0.24,0.3885235528601206,0.008605009149821983,inhibitory
slow,V2aD,15,-0.23,0.3770419653720901,0.008490648794986273,inhibitory
slow,V2aD,15,-0.22,0.37511001705634806,0.008532948346846408,inhibitory
slow,V2aD,15,-0.21,0.3667344292126297,0.008823319246420993,inhibitory
slow,V2aD,15,-0.2,0.3519624501513437,0.00867244734220655,inhibitory
slow,V2aD,15,-0.19,0.3440895140820252,0.008489464862115055,inhibitory
slow,V2aD,15,-0.18,0.3352269157097342,0.008559304918485623,inhibitory
slow,V2aD,15,-0.17,0.3273028356892966,0.00833613210708714,inhibitory
slow,V2aD,15,-0.16,0.3202021805236289,0.008629774872797584,inhibitory
slow,V2aD,15,-0.15,0.31271961443027396,0.008565318747157555,inhibitory
slow,V2aD,15,-0.14,0.30177733435782816,0.00856318977467966,inhibitory
slow,V2aD,15,-0.13,0.29902111577749124,0.008835202699067495,inhibitory
slow,V2aD,15,-0.12,0.2984426792534158,0.008862837229815236,inhibitory
slow,V2aD,15,-0.11,0.295169132249204,0.008959424733400499,inhibitory
slow,V2aD,15,-0.1,0.2910435471349007,0.009256600007952996,inhibitory
slow,V2aD,15,-0.09,0.28799591686572473,0.009556351082412406,inhibitory
slow,V2aD,15,-0.08,0.2862798744038861,0.009548803808054077,inhibitory
slow,V2aD,15,-0.07,0.28878630997695953,0.009566474208585729,inhibitory
slow,V2aD,15,-0.0599999999999999,0.29015021726338425,0.009808275849007652,inhibitory
slow,V2aD,15,-0.0499999999999999,0.2924058800252231,0.010101379407439008,inhibitory
slow,V2aD,15,-0.04,0.29659550319472433,0.010177414514975681,inhibitory
slow,V2aD,15,-0.03,0.3013269687628435,0.01037806607595443,inhibitory
slow,V2aD,15,-0.02,0.31302517474293806,0.010808166552211675,inhibitory
slow,V2aD,15,-0.01,0.31452690865502264,0.010991188414503045,inhibitory
slow,V2aD,15,0,0.32346588623737127,0.011205222439922898,inhibitory
slow,V2aD,15,0.01,0.33977738129463847,0.011536933826925043,inhibitory
slow,V2aD,15,0.02,0.35373499448677803,0.01142172590265928,inhibitory
slow,V2aD,15,0.03,0.36690921619433864,0.011471440216010056,inhibitory
slow,V2aD,15,0.04,0.3774622211571422,0.011635395595037805,inhibitory
slow,V2aD,15,0.0499999999999999,0.38989276683452634,0.011637835570236489,inhibitory
slow,V2aD,15,0.0599999999999999,0.40958984641520957,0.011274527184292976,inhibitory
slow,V2aD,15,0.07,0.42540444765078217,0.011328470108219862,inhibitory
slow,V2aD,15,0.08,0.43367724850888256,0.011219071915214722,inhibitory
slow,V2aD,15,0.09,0.4415140783278523,0.011459544524404479,inhibitory
slow,V2aD,15,0.1,0.44974054492470655,0.011345617013854921,inhibitory
slow,V2aD,15,0.11,0.4512576998359216,0.01116061715412304,inhibitory
slow,V2aD,15,0.12,0.4473934876239231,0.011120368701169654,inhibitory
slow,V2aD,15,0.13,0.4502016290249917,0.011294982277847195,inhibitory
slow,V2aD,15,0.14,0.4469469381928603,0.011152317456008934,inhibitory
slow,V2aD,15,0.15,0.4449156727030785,0.010838374685329338,inhibitory
slow,V2aD,15,0.16,0.44393598915247934,0.01080837887681945,inhibitory
slow,V2aD,15,0.17,0.43734809520051915,0.010625877442035097,inhibitory
slow,V2aD,15,0.18,0.4326686741656304,0.010508664578691452,inhibitory
slow,V2aD,15,0.19,0.42456128304200774,0.010449320129002931,inhibitory
slow,V2aD,15,0.2,0.41949910425843195,0.010596137165310878,inhibitory
slow,V2aD,15,0.21,0.41642099119651466,0.010688859771522546,inhibitory
slow,V2aD,15,0.22,0.4044435142430346,0.010453250743347187,inhibitory
slow,V2aD,15,0.23,0.3978768500198081,0.010233807960629473,inhibitory
slow,V2aD,15,0.24,0.3951006426569352,0.010087986261381639,inhibitory
slow,V2aD,15,0.25,0.38415748409394707,0.0099615932837826,inhibitory
slow,V2aD,15,0.26,0.38281556290164676,0.01001519836986133,inhibitory
slow,V2aD,15,0.27,0.3836838064185958,0.010091405381943457,inhibitory
slow,V2aD,15,0.28,0.3751117305148932,0.009867481414720953,inhibitory
slow,V2aD,15,0.29,0.3684203828861995,0.009635644034260876,inhibitory
slow,V2aD,15,0.3,0.36657102212313736,0.01000379459819658,inhibitory
slow,V2aD,15,0.31,0.3692414060751837,0.01012561383261119,inhibitory
slow,V2aD,15,0.32,0.3655488878384677,0.010203050971289209,inhibitory
slow,V2aD,15,0.33,0.36390402764929003,0.010020055568789052,inhibitory
slow,V2aD,15,0.34,0.3679208488331477,0.010459590462778369,inhibitory
slow,V2aD,15,0.35,0.36215915137559307,0.01064686107344607,inhibitory
slow,V2aD,15,0.36,0.35919194368388474,0.010644498459006063,inhibitory
slow,V2aD,15,0.37,0.36360489646457017,0.010699683361153168,inhibitory
slow,V2aD,15,0.38,0.3700676310736407,0.010905591563002512,inhibitory
slow,V2aD,15,0.39,0.3749795828416796,0.010950985333777948,inhibitory
slow,V2aD,15,0.4,0.37329676405590345,0.01114147730026401,inhibitory
slow,V2aD,15,0.41,0.3794922464168794,0.011456382773277695,inhibitory
slow,V2aD,15,0.42,0.38586068273219043,0.011511312089499036,inhibitory
slow,V2aD,15,0.43,0.39277358436199594,0.011485278994217439,inhibitory
slow,V2aD,15,0.44,0.4046815563333423,0.011619230748995766,inhibitory
slow,V2aD,15,0.45,0.41633544712320736,0.01215042129761257,inhibitory
slow,V2aD,15,0.46,0.41932902960755514,0.012468741185020081,inhibitory
slow,V2aD,15,0.47,0.43228154650750433,0.012757487667415962,inhibitory
slow,V2aD,15,0.48,0.43088655823095634,0.012530400759564823,inhibitory
slow,V2aD,15,0.49,0.42752052491613257,0.012649191109946827,inhibitory
slow,V2aD,15,0.5,0.42896018748757325,0.01252775091093397,inhibitory
slow,V2aD,25,-0.5,0.6119077272416701,0.00696884697213486,inhibitory
slow,V2aD,25,-0.49,0.6115245011998734,0.006819069101133751,inhibitory
slow,V2aD,25,-0.48,0.612896010938049,0.006630650787049268,inhibitory
slow,V2aD,25,-0.47,0.6123796646615655,0.006541380324175498,inhibitory
slow,V2aD,25,-0.46,0.6122592799602871,0.006542300291724553,inhibitory
slow,V2aD,25,-0.45,0.6098278696262462,0.0064559369372074625,inhibitory
slow,V2aD,25,-0.44,0.605182067511236,0.006288379998717846,inhibitory
slow,V2aD,25,-0.43,0.6006607451437052,0.006184351953656,inhibitory
slow,V2aD,25,-0.42,0.5966486854456846,0.006135793660386724,inhibitory
slow,V2aD,25,-0.41,0.5902598181384356,0.006040604616080257,inhibitory
slow,V2aD,25,-0.4,0.5795720171817436,0.005993107826792183,inhibitory
slow,V2aD,25,-0.39,0.5722451133526982,0.005958998941662164,inhibitory
slow,V2aD,25,-0.38,0.5644582460987224,0.005889912931232666,inhibitory
slow,V2aD,25,-0.37,0.5557917196127743,0.005858860021300862,inhibitory
slow,V2aD,25,-0.36,0.5463940455135939,0.005896551414664343,inhibitory
slow,V2aD,25,-0.35,0.535694798268242,0.005825397248974376,inhibitory
slow,V2aD,25,-0.34,0.5247501016377308,0.005683719882084824,inhibitory
slow,V2aD,25,-0.33,0.5161797862103719,0.005616388407806572,inhibitory
slow,V2aD,25,-0.32,0.5057498064091944,0.005613737627387671,inhibitory
slow,V2aD,25,-0.31,0.4929598905457416,0.005564673906872737,inhibitory
slow,V2aD,25,-0.3,0.48273974356191257,0.005484087483417382,inhibitory
slow,V2aD,25,-0.29,0.4758333561158051,0.005433589679021437,inhibitory
slow,V2aD,25,-0.28,0.4676756007566209,0.005449039399743501,inhibitory
slow,V2aD,25,-0.27,0.4581572583874444,0.005406231293580508,inhibitory
slow,V2aD,25,-0.26,0.4528833456290871,0.005325840973425823,inhibitory
slow,V2aD,25,-0.25,0.443865424312581,0.005363571584688399,inhibitory
slow,V2aD,25,-0.24,0.43724219414035986,0.005432115753792541,inhibitory
slow,V2aD,25,-0.23,0.43244897126656506,0.005467624016607166,inhibitory
slow,V2aD,25,-0.22,0.4241587912330134,0.005417081579749377,inhibitory
slow,V2aD,25,-0.21,0.414045223173098,0.005322687896037959,inhibitory
slow,V2aD,25,-0.2,0.40799220010885157,0.005363328363684224,inhibitory
slow,V2aD,25,-0.19,0.3991596579728399,0.005336573626070644,inhibitory
slow,V2aD,25,-0.18,0.39150739863028156,0.005265579025506457,inhibitory
slow,V2aD,25,-0.17,0.3866170220349515,0.005282277234468171,inhibitory
slow,V2aD,25,-0.16,0.37639909409826167,0.0053514951179945746,inhibitory
slow,V2aD,25,-0.15,0.3699564682081705,0.005323644715417797,inhibitory
slow,V2aD,25,-0.14,0.36694474714602493,0.0053038120120151655,inhibitory
slow,V2aD,25,-0.13,0.35711444016722904,0.005291212500939917,inhibitory
slow,V2aD,25,-0.12,0.3494846772586101,0.0052956546228134565,inhibitory
slow,V2aD,25,-0.11,0.3476230502907738,0.005327282071800883,inhibitory
slow,V2aD,25,-0.1,0.3454667866988619,0.005505224958224535,inhibitory
slow,V2aD,25,-0.09,0.3395118101759638,0.005505561837427009,inhibitory
slow,V2aD,25,-0.08,0.3353116187441131,0.005414975966058211,inhibitory
slow,V2aD,25,-0.07,0.33158708197225817,0.005456442210039133,inhibitory
slow,V2aD,25,-0.0599999999999999,0.32752155701943075,0.005492565009348941,inhibitory
slow,V2aD,25,-0.0499999999999999,0.3254962316487767,0.0054934731414562335,inhibitory
slow,V2aD,25,-0.04,0.32525398147894596,0.005586483367203478,inhibitory
slow,V2aD,25,-0.03,0.3275868435717181,0.005643844603468214,inhibitory
slow,V2aD,25,-0.02,0.32667933699629764,0.005683821311282422,inhibitory
slow,V2aD,25,-0.01,0.3286086283337076,0.005745646444668345,inhibitory
slow,V2aD,25,0,0.3367500075959296,0.005863332101121056,inhibitory
slow,V2aD,25,0.01,0.3402469618713668,0.005940731748918126,inhibitory
slow,V2aD,25,0.02,0.34173878076671077,0.005990414402598543,inhibitory
slow,V2aD,25,0.03,0.3556441917236661,0.006090835078735247,inhibitory
slow,V2aD,25,0.04,0.37094034903577644,0.006185481885276289,inhibitory
slow,V2aD,25,0.0499999999999999,0.38503513852493426,0.006314358327853557,inhibitory
slow,V2aD,25,0.0599999999999999,0.39949530615476186,0.0064300434302866725,inhibitory
slow,V2aD,25,0.07,0.40960361634034287,0.0065266464536736036,inhibitory
slow,V2aD,25,0.08,0.4210361541437974,0.0065243321965816935,inhibitory
slow,V2aD,25,0.09,0.4350607389484583,0.00658255353592704,inhibitory
slow,V2aD,25,0.1,0.4436313576931539,0.00654281066388915,inhibitory
slow,V2aD,25,0.11,0.45060612463399174,0.006464158186917114,inhibitory
slow,V2aD,25,0.12,0.458495680591099,0.006442083299301693,inhibitory
slow,V2aD,25,0.13,0.4645392532010326,0.006425596139959217,inhibitory
slow,V2aD,25,0.14,0.47099532982135706,0.006308618439519543,inhibitory
slow,V2aD,25,0.15,0.47891057836480055,0.006230220656994342,inhibitory
slow,V2aD,25,0.16,0.4811317747141644,0.006211494457323291,inhibitory
slow,V2aD,25,0.17,0.48246963422220684,0.00611839006119934,inhibitory
slow,V2aD,25,0.18,0.4823170435455765,0.006081257470948522,inhibitory
slow,V2aD,25,0.19,0.4780412682966674,0.0061139223700485525,inhibitory
slow,V2aD,25,0.2,0.4735690395918485,0.00611030965685904,inhibitory
slow,V2aD,25,0.21,0.4706876561250647,0.006079793065683352,inhibitory
slow,V2aD,25,0.22,0.46639370555650356,0.00610364362864117,inhibitory
slow,V2aD,25,0.23,0.46378593568153076,0.006070206016271356,inhibitory
slow,V2aD,25,0.24,0.46150776354499806,0.005908505027387052,inhibitory
slow,V2aD,25,0.25,0.457260688706516,0.005878819402790339,inhibitory
slow,V2aD,25,0.26,0.45071988637072036,0.005891551730784108,inhibitory
slow,V2aD,25,0.27,0.44899361603638255,0.00586752231201284,inhibitory
slow,V2aD,25,0.28,0.4468093847221832,0.005844293998791665,inhibitory
slow,V2aD,25,0.29,0.4466535766431234,0.005902352016100285,inhibitory
slow,V2aD,25,0.3,0.4439556192945635,0.005905566177627888,inhibitory
slow,V2aD,25,0.31,0.4410027192305455,0.005985067705427441,inhibitory
slow,V2aD,25,0.32,0.43959234383058343,0.005997698257539417,inhibitory
slow,V2aD,25,0.33,0.4352110536694142,0.005950803189352633,inhibitory
slow,V2aD,25,0.34,0.43290434750775,0.005936027733450039,inhibitory
slow,V2aD,25,0.35,0.4303161903267063,0.005855084041792349,inhibitory
slow,V2aD,25,0.36,0.429131679287377,0.005881810173822717,inhibitory
slow,V2aD,25,0.37,0.4302862901802347,0.006006009978111177,inhibitory
slow,V2aD,25,0.38,0.43414295875697134,0.006015080110977675,inhibitory
slow,V2aD,25,0.39,0.4374456448349483,0.0060622083986386684,inhibitory
slow,V2aD,25,0.4,0.4400762999378444,0.006104494961419363,inhibitory
slow,V2aD,25,0.41,0.4388957259826174,0.006131566398549423,inhibitory
slow,V2aD,25,0.42,0.43982126436423247,0.006119352643098698,inhibitory
slow,V2aD,25,0.43,0.4433097271274011,0.006123813910392098,inhibitory
slow,V2aD,25,0.44,0.4408196877589771,0.0062299308135189664,inhibitory
slow,V2aD,25,0.45,0.4382065619180752,0.006223003780260296,inhibitory
slow,V2aD,25,0.46,0.44124887242880956,0.006342011417991762,inhibitory
slow,V2aD,25,0.47,0.44718617592258136,0.006450763390738406,inhibitory
slow,V2aD,25,0.48,0.44940463119172375,0.006458504433901351,inhibitory
slow,V2aD,25,0.49,0.4505758342415408,0.0065618238625623085,inhibitory
slow,V2aD,25,0.5,0.4516932007543662,0.006663174137314395,inhibitory
slow,V2aD,35,-0.5,0.5386945227564541,0.019767365021647835,inhibitory
slow,V2aD,35,-0.49,0.5407331901830323,0.0194912003627033,inhibitory
slow,V2aD,35,-0.48,0.5387287357406891,0.019882178299408554,inhibitory
slow,V2aD,35,-0.47,0.5308767038887386,0.019564608491180732,inhibitory
slow,V2aD,35,-0.46,0.5266568018544713,0.019951605538476087,inhibitory
slow,V2aD,35,-0.45,0.5242876540108428,0.02016616682584733,inhibitory
slow,V2aD,35,-0.44,0.5167461568477127,0.01947356977956712,inhibitory
slow,V2aD,35,-0.43,0.507709998654827,0.01886819197725125,inhibitory
slow,V2aD,35,-0.42,0.4964561282377182,0.018507111065797638,inhibitory
slow,V2aD,35,-0.41,0.4886161833751427,0.0183419410762712,inhibitory
slow,V2aD,35,-0.4,0.4821107191620612,0.018260335038749746,inhibitory
slow,V2aD,35,-0.39,0.4798473761075897,0.01868999909802589,inhibitory
slow,V2aD,35,-0.38,0.4697547519308662,0.018654668662154573,inhibitory
slow,V2aD,35,-0.37,0.4661137510824552,0.018347298112316026,inhibitory
slow,V2aD,35,-0.36,0.46594555830362444,0.018224435222121752,inhibitory
slow,V2aD,35,-0.35,0.46195371046364936,0.01807859207516195,inhibitory
slow,V2aD,35,-0.34,0.45712568377498836,0.01750869929082604,inhibitory
slow,V2aD,35,-0.33,0.45877346016181025,0.01739798971754459,inhibitory
slow,V2aD,35,-0.32,0.4520488561605986,0.017581093640579273,inhibitory
slow,V2aD,35,-0.31,0.44126924253460076,0.017491073214349635,inhibitory
slow,V2aD,35,-0.3,0.4405899915280798,0.017900391136785404,inhibitory
slow,V2aD,35,-0.29,0.42847591175720323,0.017435190546495075,inhibitory
slow,V2aD,35,-0.28,0.4102546156806414,0.016634802455846802,inhibitory
slow,V2aD,35,-0.27,0.40363797627497305,0.016346516220109315,inhibitory
slow,V2aD,35,-0.26,0.4005047142385796,0.016113985320836726,inhibitory
slow,V2aD,35,-0.25,0.40044622801960084,0.016010955429382266,inhibitory
slow,V2aD,35,-0.24,0.4054854542029623,0.016136950194548253,inhibitory
slow,V2aD,35,-0.23,0.41003895503807297,0.016350470435931356,inhibitory
slow,V2aD,35,-0.22,0.4097825754123364,0.016379506521403672,inhibitory
slow,V2aD,35,-0.21,0.4045098070775962,0.016414068620202442,inhibitory
slow,V2aD,35,-0.2,0.4060515789116397,0.01676246958919893,inhibitory
slow,V2aD,35,-0.19,0.4112288538528687,0.017500850047922987,inhibitory
slow,V2aD,35,-0.18,0.41765854331519686,0.018213582571756478,inhibitory
slow,V2aD,35,-0.17,0.41907752510812085,0.01849574803557251,inhibitory
slow,V2aD,35,-0.16,0.4177333851486804,0.018640832952584212,inhibitory
slow,V2aD,35,-0.15,0.40989863298109586,0.018459556562821527,inhibitory
slow,V2aD,35,-0.14,0.39559485133538647,0.018107853793846645,inhibitory
slow,V2aD,35,-0.13,0.39095548847186007,0.017959840643250242,inhibitory
slow,V2aD,35,-0.12,0.39124228153327867,0.017762779036298963,inhibitory
slow,V2aD,35,-0.11,0.3906898821913357,0.017616714169690528,inhibitory
slow,V2aD,35,-0.1,0.3933173518841337,0.017966966484179378,inhibitory
slow,V2aD,35,-0.09,0.3935649177816519,0.01845176185479434,inhibitory
slow,V2aD,35,-0.08,0.3945291693587379,0.018308684819234953,inhibitory
slow,V2aD,35,-0.07,0.40088210969696725,0.017601657988873164,inhibitory
slow,V2aD,35,-0.0599999999999999,0.40187770926553357,0.017564045825723212,inhibitory
slow,V2aD,35,-0.0499999999999999,0.39367403244511756,0.01775037813800954,inhibitory
slow,V2aD,35,-0.04,0.38854177484347835,0.017842848024704556,inhibitory
slow,V2aD,35,-0.03,0.3796245099106175,0.01770295417748857,inhibitory
slow,V2aD,35,-0.02,0.3776633706595392,0.01767581904202873,inhibitory
slow,V2aD,35,-0.01,0.3879411204511855,0.01779715805856646,inhibitory
slow,V2aD,35,0,0.40294637213623496,0.017576423680414514,inhibitory
slow,V2aD,35,0.01,0.40291400000471356,0.01764944859430227,inhibitory
slow,V2aD,35,0.02,0.3977195191289113,0.017669922637731067,inhibitory
slow,V2aD,35,0.03,0.3955132630443325,0.018006824162141322,inhibitory
slow,V2aD,35,0.04,0.4022085918611718,0.018104456852656332,inhibitory
slow,V2aD,35,0.0499999999999999,0.41043208288710603,0.01789319082174515,inhibitory
slow,V2aD,35,0.0599999999999999,0.4153561538301492,0.017873782628090907,inhibitory
slow,V2aD,35,0.07,0.4156853884095677,0.01757654070603278,inhibitory
slow,V2aD,35,0.08,0.41185766191883444,0.017375697525416962,inhibitory
slow,V2aD,35,0.09,0.41794613113052553,0.017393169575294305,inhibitory
slow,V2aD,35,0.1,0.43102406949703914,0.017628742775617528,inhibitory
slow,V2aD,35,0.11,0.4344558906158374,0.018170835874360223,inhibitory
slow,V2aD,35,0.12,0.4300208550005389,0.01830622009861726,inhibitory
slow,V2aD,35,0.13,0.4239773581976421,0.018018723288126707,inhibitory
slow,V2aD,35,0.14,0.4276461514260845,0.017777943813529495,inhibitory
slow,V2aD,35,0.15,0.43051857000249383,0.018157627783025196,inhibitory
slow,V2aD,35,0.16,0.43174824432591014,0.017907264241996214,inhibitory
slow,V2aD,35,0.17,0.4434488140006639,0.017923198404101795,inhibitory
slow,V2aD,35,0.18,0.4608156516808489,0.01858821662562708,inhibitory
slow,V2aD,35,0.19,0.46990413900292666,0.019184198012439414,inhibitory
slow,V2aD,35,0.2,0.47923998392940775,0.01896050868230496,inhibitory
slow,V2aD,35,0.21,0.48162564328385504,0.01900121594914855,inhibitory
slow,V2aD,35,0.22,0.4840940020287419,0.018551907385910175,inhibitory
slow,V2aD,35,0.23,0.4830192549789457,0.01807763759661183,inhibitory
slow,V2aD,35,0.24,0.4836474696384859,0.01857602429393745,inhibitory
slow,V2aD,35,0.25,0.48792849283372325,0.018751235080301926,inhibitory
slow,V2aD,35,0.26,0.4855840213066801,0.018909992926325538,inhibitory
slow,V2aD,35,0.27,0.48401654088545865,0.0189652616979306,inhibitory
slow,V2aD,35,0.28,0.48551316187166066,0.019215991293609014,inhibitory
slow,V2aD,35,0.29,0.4846784868370182,0.01907786301557674,inhibitory
slow,V2aD,35,0.3,0.48042966866886583,0.01865112311671053,inhibitory
slow,V2aD,35,0.31,0.4843294574677777,0.018218661754063427,inhibitory
slow,V2aD,35,0.32,0.48569458371489393,0.01803659662293348,inhibitory
slow,V2aD,35,0.33,0.4868873953797566,0.01794584007199633,inhibitory
slow,V2aD,35,0.34,0.4905342163321167,0.01791312146984593,inhibitory
slow,V2aD,35,0.35,0.49764687237031763,0.01809390138214768,inhibitory
slow,V2aD,35,0.36,0.5006079746002379,0.01813337374552747,inhibitory
slow,V2aD,35,0.37,0.5002029100739135,0.018103834768470613,inhibitory
slow,V2aD,35,0.38,0.5009068813655215,0.018298609513848468,inhibitory
slow,V2aD,35,0.39,0.4950945440380784,0.018482250483784098,inhibitory
slow,V2aD,35,0.4,0.48919953440226227,0.01836393659241875,inhibitory
slow,V2aD,35,0.41,0.49064112357235845,0.018622254700591756,inhibitory
slow,V2aD,35,0.42,0.4898117533688304,0.018885989594621164,inhibitory
slow,V2aD,35,0.43,0.4921032321585926,0.01871846057491018,inhibitory
slow,V2aD,35,0.44,0.4961471526608891,0.01841447548772771,inhibitory
slow,V2aD,35,0.45,0.495739825191158,0.018212149199094155,inhibitory
slow,V2aD,35,0.46,0.486936122867973,0.018337758890731037,inhibitory
slow,V2aD,35,0.47,0.48570538221329557,0.018672551050177816,inhibitory
slow,V2aD,35,0.48,0.49114705474673476,0.01890508854500034,inhibitory
slow,V2aD,35,0.49,0.4878644339296478,0.01922578482636839,inhibitory
slow,V2aD,35,0.5,0.47801369876131095,0.01900296479167604,inhibitory
slow,V2aD,45+,-0.5,0.5144569677317291,0.030563383617063043,inhibitory
slow,V2aD,45+,-0.49,0.5120029215537233,0.03053410653403548,inhibitory
slow,V2aD,45+,-0.48,0.507512954204896,0.03089730382151626,inhibitory
slow,V2aD,45+,-0.47,0.49625322858786625,0.03119929221852846,inhibitory
slow,V2aD,45+,-0.46,0.4935187161838565,0.030598015079909172,inhibitory
slow,V2aD,45+,-0.45,0.49989875366935416,0.02991059384966451,inhibitory
slow,V2aD,45+,-0.44,0.5014802041341246,0.0293346749771987,inhibitory
slow,V2aD,45+,-0.43,0.48247357495548643,0.028322022611607826,inhibitory
slow,V2aD,45+,-0.42,0.4606234587016312,0.027463021468721142,inhibitory
slow,V2aD,45+,-0.41,0.44850814756467383,0.02782939704386884,inhibitory
slow,V2aD,45+,-0.4,0.439670924547703,0.028716861505386947,inhibitory
slow,V2aD,45+,-0.39,0.43571608368435427,0.028362589672737453,inhibitory
slow,V2aD,45+,-0.38,0.43082511944011176,0.027533671139715707,inhibitory
slow,V2aD,45+,-0.37,0.417958372191236,0.027090516870765056,inhibitory
slow,V2aD,45+,-0.36,0.4128622684414593,0.02694320446700928,inhibitory
slow,V2aD,45+,-0.35,0.40799590036520084,0.026810755915852004,inhibitory
slow,V2aD,45+,-0.34,0.4059036820287038,0.026705001937232173,inhibitory
slow,V2aD,45+,-0.33,0.40810801739106595,0.026417381872952526,inhibitory
slow,V2aD,45+,-0.32,0.42099122462964605,0.02671397075465906,inhibitory
slow,V2aD,45+,-0.31,0.4292005735715645,0.026613704589568674,inhibitory
slow,V2aD,45+,-0.3,0.4214967357717577,0.02705239333460464,inhibitory
slow,V2aD,45+,-0.29,0.409881331503715,0.027012079482979835,inhibitory
slow,V2aD,45+,-0.28,0.40444989789731056,0.026348450625693624,inhibitory
slow,V2aD,45+,-0.27,0.3904547635763553,0.025741978942397284,inhibitory
slow,V2aD,45+,-0.26,0.37868463008954917,0.026026466484910776,inhibitory
slow,V2aD,45+,-0.25,0.3788911312268889,0.02606587101866479,inhibitory
slow,V2aD,45+,-0.24,0.38400196165773176,0.027029141298998725,inhibitory
slow,V2aD,45+,-0.23,0.3831165377274774,0.02735855297500136,inhibitory
slow,V2aD,45+,-0.22,0.3856645151717726,0.027257238864059837,inhibitory
slow,V2aD,45+,-0.21,0.38598141460143176,0.026542765863751618,inhibitory
slow,V2aD,45+,-0.2,0.38151285824825565,0.026295013330419937,inhibitory
slow,V2aD,45+,-0.19,0.3795097597860235,0.025879380242670152,inhibitory
slow,V2aD,45+,-0.18,0.38875530448473017,0.02683123741603844,inhibitory
slow,V2aD,45+,-0.17,0.39239302715726276,0.027624651306126805,inhibitory
slow,V2aD,45+,-0.16,0.3934925208096394,0.027906749457499234,inhibitory
slow,V2aD,45+,-0.15,0.3926141882441348,0.027450821923344665,inhibitory
slow,V2aD,45+,-0.14,0.390392053328054,0.02752926113469659,inhibitory
slow,V2aD,45+,-0.13,0.40205597727439746,0.02775466579324222,inhibitory
slow,V2aD,45+,-0.12,0.41973631735483224,0.02758942694201025,inhibitory
slow,V2aD,45+,-0.11,0.42985623551373153,0.027302581505313873,inhibitory
slow,V2aD,45+,-0.1,0.43285550255419264,0.026594712773217958,inhibitory
slow,V2aD,45+,-0.09,0.4369005280778492,0.027168032282529148,inhibitory
slow,V2aD,45+,-0.08,0.44510729348701666,0.02771262260371263,inhibitory
slow,V2aD,45+,-0.07,0.4481353005070773,0.02809604125330096,inhibitory
slow,V2aD,45+,-0.0599999999999999,0.4382594676282746,0.02743636406663531,inhibitory
slow,V2aD,45+,-0.0499999999999999,0.4342524800804343,0.02736533495678572,inhibitory
slow,V2aD,45+,-0.04,0.4433334141317428,0.0279074562616458,inhibitory
slow,V2aD,45+,-0.03,0.4528434524368227,0.028273018499799085,inhibitory
slow,V2aD,45+,-0.02,0.46347697105641783,0.028411223247363507,inhibitory
slow,V2aD,45+,-0.01,0.4624889150478153,0.028980189103077827,inhibitory
slow,V2aD,45+,0,0.46277423880646007,0.028527105362155702,inhibitory
slow,V2aD,45+,0.01,0.4610584562553705,0.028708137086732578,inhibitory
slow,V2aD,45+,0.02,0.46103952863652653,0.029418404329377732,inhibitory
slow,V2aD,45+,0.03,0.4642902724208348,0.029504788497659952,inhibitory
slow,V2aD,45+,0.04,0.47069732784654866,0.029628581910748183,inhibitory
slow,V2aD,45+,0.0499999999999999,0.47460355435048457,0.030111235051906052,inhibitory
slow,V2aD,45+,0.0599999999999999,0.47086741209295135,0.02999923979693379,inhibitory
slow,V2aD,45+,0.07,0.4662801114208513,0.02888779072344001,inhibitory
slow,V2aD,45+,0.08,0.4576517359713425,0.028624355114304046,inhibitory
slow,V2aD,45+,0.09,0.4567549436531402,0.028934228509664043,inhibitory
slow,V2aD,45+,0.1,0.4634950067276097,0.02860503080275698,inhibitory
slow,V2aD,45+,0.11,0.4684794381359666,0.02825253053003729,inhibitory
slow,V2aD,45+,0.12,0.47038025851319887,0.02820687853725973,inhibitory
slow,V2aD,45+,0.13,0.47836963082863526,0.028027512990379998,inhibitory
slow,V2aD,45+,0.14,0.48796277087982204,0.026989697733102374,inhibitory
slow,V2aD,45+,0.15,0.49084760813072564,0.02686839690778106,inhibitory
slow,V2aD,45+,0.16,0.4824375642815569,0.027316539937663233,inhibitory
slow,V2aD,45+,0.17,0.4761248875126899,0.027009281282129757,inhibitory
slow,V2aD,45+,0.18,0.48044885795685566,0.0264908525708222,inhibitory
slow,V2aD,45+,0.19,0.4795521550604916,0.026477811126046306,inhibitory
slow,V2aD,45+,0.2,0.47118283601351413,0.026738930112389727,inhibitory
slow,V2aD,45+,0.21,0.4626513797120939,0.027385933817212188,inhibitory
slow,V2aD,45+,0.22,0.46500148952839493,0.02719045886002276,inhibitory
slow,V2aD,45+,0.23,0.4762863552354337,0.027361640029319095,inhibitory
slow,V2aD,45+,0.24,0.4893270467386967,0.027635730941522958,inhibitory
slow,V2aD,45+,0.25,0.5009200870232666,0.028050428166684526,inhibitory
slow,V2aD,45+,0.26,0.49924938454143664,0.02763192682657875,inhibitory
slow,V2aD,45+,0.27,0.5013093623064245,0.028188690655151418,inhibitory
slow,V2aD,45+,0.28,0.5042872580334173,0.02874898081578825,inhibitory
slow,V2aD,45+,0.29,0.5000260175022209,0.028500308537472076,inhibitory
slow,V2aD,45+,0.3,0.49566917402212485,0.028165197087090307,inhibitory
slow,V2aD,45+,0.31,0.4979356358077113,0.02788306321196509,inhibitory
slow,V2aD,45+,0.32,0.5002258821004917,0.028322634563472848,inhibitory
slow,V2aD,45+,0.33,0.4969635575374181,0.02888757069112095,inhibitory
slow,V2aD,45+,0.34,0.4897224830075954,0.028226558549493273,inhibitory
slow,V2aD,45+,0.35,0.4920983762168179,0.027432712010181767,inhibitory
slow,V2aD,45+,0.36,0.505225694894291,0.027495530128101194,inhibitory
slow,V2aD,45+,0.37,0.510783517558118,0.027511724877166917,inhibitory
slow,V2aD,45+,0.38,0.5103788139633082,0.0266221363306884,inhibitory
slow,V2aD,45+,0.39,0.5037683335314996,0.02647228392348879,inhibitory
slow,V2aD,45+,0.4,0.4985983102850648,0.027179121016246633,inhibitory
slow,V2aD,45+,0.41,0.4915331390671925,0.029045956240076148,inhibitory
slow,V2aD,45+,0.42,0.4929672704483836,0.030421687997858642,inhibitory
slow,V2aD,45+,0.43,0.4933908743541725,0.030604050802426567,inhibitory
slow,V2aD,45+,0.44,0.4917780729263101,0.029333382776779722,inhibitory
slow,V2aD,45+,0.45,0.4888067466948858,0.028117610036721877,inhibitory
slow,V2aD,45+,0.46,0.49730693966440204,0.02767401224793368,inhibitory
slow,V2aD,45+,0.47,0.5028868602863608,0.027514630475452363,inhibitory
slow,V2aD,45+,0.48,0.4981116647814003,0.02878973379676568,inhibitory
slow,V2aD,45+,0.49,0.4866243219238517,0.02900091854128315,inhibitory
slow,V2aD,45+,0.5,0.4791246667823859,0.028011307697848153,inhibitory
fast,V2aB,15,-0.5,0.27319681930766704,0.006116779664837698,excitatory
fast,V2aB,15,-0.49,0.27193083376293387,0.006285866585045849,excitatory
fast,V2aB,15,-0.48,0.2666082559349046,0.006316051382936637,excitatory
fast,V2aB,15,-0.47,0.2610787103063324,0.006302631065770641,excitatory
fast,V2aB,15,-0.46,0.2596175956074905,0.00615499821035632,excitatory
fast,V2aB,15,-0.45,0.25569282851920366,0.006102595448363739,excitatory
fast,V2aB,15,-0.44,0.2487395893277187,0.006077273910578291,excitatory
fast,V2aB,15,-0.43,0.24287856610587874,0.005928897138547487,excitatory
fast,V2aB,15,-0.42,0.24524687528507458,0.00601285222108385,excitatory
fast,V2aB,15,-0.41,0.23994961013444743,0.005896456442914534,excitatory
fast,V2aB,15,-0.4,0.23800275387669126,0.005833636585633354,excitatory
fast,V2aB,15,-0.39,0.2346297286883887,0.005820921473432758,excitatory
fast,V2aB,15,-0.38,0.24073070842078592,0.006097249823035469,excitatory
fast,V2aB,15,-0.37,0.23978519558918698,0.0061090816791962545,excitatory
fast,V2aB,15,-0.36,0.24300173894096558,0.00626661255914443,excitatory
fast,V2aB,15,-0.35,0.24737715309549577,0.006111946701114603,excitatory
fast,V2aB,15,-0.34,0.2487468753391135,0.006159168559152225,excitatory
fast,V2aB,15,-0.33,0.25783612634228165,0.006341306187983883,excitatory
fast,V2aB,15,-0.32,0.2631141839635625,0.00638715302785705,excitatory
fast,V2aB,15,-0.31,0.26708986668869517,0.006467508670435307,excitatory
fast,V2aB,15,-0.3,0.27701015083483427,0.006659074154432458,excitatory
fast,V2aB,15,-0.29,0.2875692411093072,0.006887592505393797,excitatory
fast,V2aB,15,-0.28,0.2966876387343238,0.0069967181581142455,excitatory
fast,V2aB,15,-0.27,0.3096104116708527,0.007110863866376359,excitatory
fast,V2aB,15,-0.26,0.32318024500985526,0.007075882202771528,excitatory
fast,V2aB,15,-0.25,0.34063808573773346,0.007190656143103205,excitatory
fast,V2aB,15,-0.24,0.3606345145492586,0.007349271110223204,excitatory
fast,V2aB,15,-0.23,0.37960710209327486,0.007431509657642626,excitatory
fast,V2aB,15,-0.22,0.3884378061688553,0.007318294113075525,excitatory
fast,V2aB,15,-0.21,0.4001319024347102,0.007618927122197045,excitatory
fast,V2aB,15,-0.2,0.4209216614854535,0.007649634772752231,excitatory
fast,V2aB,15,-0.19,0.43166535248607807,0.0075689447413533045,excitatory
fast,V2aB,15,-0.18,0.43977033531020543,0.007479192365926131,excitatory
fast,V2aB,15,-0.17,0.4465443053139067,0.007439916249868141,excitatory
fast,V2aB,15,-0.16,0.45667196260606924,0.007484055588865044,excitatory
fast,V2aB,15,-0.15,0.468123255206888,0.007704854692767901,excitatory
fast,V2aB,15,-0.14,0.48055562235947036,0.007701938270316848,excitatory
fast,V2aB,15,-0.13,0.48987441930794534,0.007756055956993326,excitatory
fast,V2aB,15,-0.12,0.49056684213102025,0.007741538031991053,excitatory
fast,V2aB,15,-0.11,0.49676229168720004,0.007677526665083522,excitatory
fast,V2aB,15,-0.1,0.5053008798187171,0.007580560041277473,excitatory
fast,V2aB,15,-0.09,0.5197380232869839,0.007642000524134998,excitatory
fast,V2aB,15,-0.08,0.5256633047596405,0.007423530349173877,excitatory
fast,V2aB,15,-0.07,0.5330081167735242,0.007458878710245801,excitatory
fast,V2aB,15,-0.0599999999999999,0.5326147749541232,0.007477028530718184,excitatory
fast,V2aB,15,-0.0499999999999999,0.5386564448878411,0.007530907700119615,excitatory
fast,V2aB,15,-0.04,0.5457511817285843,0.007685992983124779,excitatory
fast,V2aB,15,-0.03,0.5501671671903501,0.007637651354300225,excitatory
fast,V2aB,15,-0.02,0.5502357402045595,0.007485360871735158,excitatory
fast,V2aB,15,-0.01,0.5580697460328956,0.007717641681001615,excitatory
fast,V2aB,15,0,0.5634959045838432,0.0077774486015463684,excitatory
fast,V2aB,15,0.01,0.569452080945897,0.007716978653888122,excitatory
fast,V2aB,15,0.02,0.5718825996501463,0.00776736661048937,excitatory
fast,V2aB,15,0.03,0.5759305111183228,0.007549511872468598,excitatory
fast,V2aB,15,0.04,0.5775325605344863,0.0075319102539041045,excitatory
fast,V2aB,15,0.0499999999999999,0.584547379609849,0.007472925421302416,excitatory
fast,V2aB,15,0.0599999999999999,0.5758123253453501,0.00731970448735745,excitatory
fast,V2aB,15,0.07,0.5683759147198075,0.0071401857714041145,excitatory
fast,V2aB,15,0.08,0.5712698976859556,0.0071531365668037585,excitatory
fast,V2aB,15,0.09,0.5634106549732271,0.00706631574680287,excitatory
fast,V2aB,15,0.1,0.5587652429608011,0.006929904753563634,excitatory
fast,V2aB,15,0.11,0.5582150687777175,0.007018718063164057,excitatory
fast,V2aB,15,0.12,0.550143672841545,0.006985626136991213,excitatory
fast,V2aB,15,0.13,0.5380069857680606,0.0068320715472446674,excitatory
fast,V2aB,15,0.14,0.5204151081301646,0.006711596101063718,excitatory
fast,V2aB,15,0.15,0.5061024922599703,0.006721301612304993,excitatory
fast,V2aB,15,0.16,0.4992822478675487,0.006612835949233627,excitatory
fast,V2aB,15,0.17,0.4852901858586935,0.006522429851396458,excitatory
fast,V2aB,15,0.18,0.46964429488377646,0.006300474291427617,excitatory
fast,V2aB,15,0.19,0.4577946204419766,0.006223522922899376,excitatory
fast,V2aB,15,0.2,0.44226856243821594,0.00616373226639754,excitatory
fast,V2aB,15,0.21,0.43406057054292335,0.006240143282336854,excitatory
fast,V2aB,15,0.22,0.4169248644770931,0.006027410449308246,excitatory
fast,V2aB,15,0.23,0.4019867928372417,0.00580969951928059,excitatory
fast,V2aB,15,0.24,0.3905472172924371,0.005730146668346245,excitatory
fast,V2aB,15,0.25,0.3804488021455687,0.0057572463155211445,excitatory
fast,V2aB,15,0.26,0.3682711250843416,0.0055703727647551625,excitatory
fast,V2aB,15,0.27,0.3570512886050663,0.0055829635536787095,excitatory
fast,V2aB,15,0.28,0.3449065507116195,0.0054459519671815025,excitatory
fast,V2aB,15,0.29,0.33585330430004956,0.005380691728040615,excitatory
fast,V2aB,15,0.3,0.3263128922650092,0.005385824376422761,excitatory
fast,V2aB,15,0.31,0.31683841482992486,0.005375002131008788,excitatory
fast,V2aB,15,0.32,0.3025507922992407,0.005255611758512455,excitatory
fast,V2aB,15,0.33,0.2945657329502647,0.005226111923372923,excitatory
fast,V2aB,15,0.34,0.2873058909570421,0.005212559625071532,excitatory
fast,V2aB,15,0.35,0.2809852593743827,0.005137035553242608,excitatory
fast,V2aB,15,0.36,0.27164296239410796,0.005242255585316703,excitatory
fast,V2aB,15,0.37,0.26092617113566396,0.005351675171617865,excitatory
fast,V2aB,15,0.38,0.25333110189863006,0.005246751820064559,excitatory
fast,V2aB,15,0.39,0.24811772107688773,0.00524750505428943,excitatory
fast,V2aB,15,0.4,0.23827126895225448,0.0052141166340173625,excitatory
fast,V2aB,15,0.41,0.22825860287269714,0.005000033246846915,excitatory
fast,V2aB,15,0.42,0.22083556455074932,0.004749652446845772,excitatory
fast,V2aB,15,0.43,0.21167520362097678,0.0049668488749008075,excitatory
fast,V2aB,15,0.44,0.205037278668182,0.004976856702873215,excitatory
fast,V2aB,15,0.45,0.19880041736760992,0.004857574583711553,excitatory
fast,V2aB,15,0.46,0.1955362858468439,0.004854102517193122,excitatory
fast,V2aB,15,0.47,0.19340818631564802,0.005070434472667084,excitatory
fast,V2aB,15,0.48,0.18527500560705146,0.004989837263065733,excitatory
fast,V2aB,15,0.49,0.1808395617789164,0.004928648353346735,excitatory
fast,V2aB,15,0.5,0.17406091585444056,0.004947834418517062,excitatory
fast,V2aB,25,-0.5,0.2436817279548677,0.005655966241301044,excitatory
fast,V2aB,25,-0.49,0.24166047173062719,0.005652674486868275,excitatory
fast,V2aB,25,-0.48,0.2397148039194557,0.005605144933729453,excitatory
fast,V2aB,25,-0.47,0.23494161239762038,0.0053955434509396875,excitatory
fast,V2aB,25,-0.46,0.2318587603089377,0.00537242728112,excitatory
fast,V2aB,25,-0.45,0.23214837728408505,0.005342750994099691,excitatory
fast,V2aB,25,-0.44,0.23087312833611254,0.005278567374004343,excitatory
fast,V2aB,25,-0.43,0.22898507125242507,0.005369904716552204,excitatory
fast,V2aB,25,-0.42,0.22829888344291757,0.005441084811033185,excitatory
fast,V2aB,25,-0.41,0.2237124645086772,0.0052683451612604475,excitatory
fast,V2aB,25,-0.4,0.2252467644782851,0.005244432036648356,excitatory
fast,V2aB,25,-0.39,0.22535840873338195,0.005171533742448551,excitatory
fast,V2aB,25,-0.38,0.2284326013330295,0.005209990932289201,excitatory
fast,V2aB,25,-0.37,0.23065956028001716,0.005258053351214015,excitatory
fast,V2aB,25,-0.36,0.22934879360427146,0.0052558423424896835,excitatory
fast,V2aB,25,-0.35,0.22758977177073575,0.005187417957125612,excitatory
fast,V2aB,25,-0.34,0.23270479970156588,0.005155822657746388,excitatory
fast,V2aB,25,-0.33,0.24288848089443218,0.005312913529397611,excitatory
fast,V2aB,25,-0.32,0.2552222809820596,0.005614594604415389,excitatory
fast,V2aB,25,-0.31,0.26333051247285344,0.00575345997849564,excitatory
fast,V2aB,25,-0.3,0.264783798240431,0.005724681151630202,excitatory
fast,V2aB,25,-0.29,0.2711208281130065,0.005717635699428243,excitatory
fast,V2aB,25,-0.28,0.28218547195984534,0.005790690961817852,excitatory
fast,V2aB,25,-0.27,0.29165186703745655,0.0060482346239507075,excitatory
fast,V2aB,25,-0.26,0.3027530922284233,0.006176891011341242,excitatory
fast,V2aB,25,-0.25,0.3184762240918467,0.006348370450461265,excitatory
fast,V2aB,25,-0.24,0.3271513255755304,0.006356272573061649,excitatory
fast,V2aB,25,-0.23,0.3363368603145668,0.006386358853484693,excitatory
fast,V2aB,25,-0.22,0.3542427623802133,0.006519189386070006,excitatory
fast,V2aB,25,-0.21,0.3737774642903222,0.006577318111092976,excitatory
fast,V2aB,25,-0.2,0.3925148349940919,0.006723100536282892,excitatory
fast,V2aB,25,-0.19,0.41200436614852515,0.006908578865500704,excitatory
fast,V2aB,25,-0.18,0.43180902203795957,0.006970820665830276,excitatory
fast,V2aB,25,-0.17,0.4523624820619737,0.006947173319499732,excitatory
fast,V2aB,25,-0.16,0.4771834276683115,0.007095200665915389,excitatory
fast,V2aB,25,-0.15,0.4951933161757563,0.006985064771355212,excitatory
fast,V2aB,25,-0.14,0.50712958341381,0.006888748066710227,excitatory
fast,V2aB,25,-0.13,0.5203557021502379,0.0068686726368262915,excitatory
fast,V2aB,25,-0.12,0.5343512649669215,0.006713957751310769,excitatory
fast,V2aB,25,-0.11,0.5530028161612556,0.006648408970556293,excitatory
fast,V2aB,25,-0.1,0.5650565599208813,0.006744067284445478,excitatory
fast,V2aB,25,-0.09,0.5766682698758816,0.006677346800140198,excitatory
fast,V2aB,25,-0.08,0.5882171488905554,0.006604522543556413,excitatory
fast,V2aB,25,-0.07,0.6005150215524219,0.006592931940688159,excitatory
fast,V2aB,25,-0.0599999999999999,0.6129850064314145,0.006606288402981633,excitatory
fast,V2aB,25,-0.0499999999999999,0.6192436313892898,0.006480516984469515,excitatory
fast,V2aB,25,-0.04,0.6222163891162412,0.0064146367130127595,excitatory
fast,V2aB,25,-0.03,0.6266583512408739,0.006366479969722284,excitatory
fast,V2aB,25,-0.02,0.6260465149049913,0.006313173473573549,excitatory
fast,V2aB,25,-0.01,0.6231348179206938,0.006137804874234353,excitatory
fast,V2aB,25,0,0.6249393065659639,0.006087290817862519,excitatory
fast,V2aB,25,0.01,0.6259132459273972,0.006181400425648824,excitatory
fast,V2aB,25,0.02,0.6225901703415978,0.006135484240147354,excitatory
fast,V2aB,25,0.03,0.6099805158269328,0.006131379346747614,excitatory
fast,V2aB,25,0.04,0.5973961293167848,0.005990038876090733,excitatory
fast,V2aB,25,0.0499999999999999,0.5846694309702041,0.005964170436402744,excitatory
fast,V2aB,25,0.0599999999999999,0.5682218740436443,0.005964964497681311,excitatory
fast,V2aB,25,0.07,0.5576090198030593,0.005857525671314735,excitatory
fast,V2aB,25,0.08,0.5464588135310726,0.0058530360038180065,excitatory
fast,V2aB,25,0.09,0.5297573870818613,0.005937769032807028,excitatory
fast,V2aB,25,0.1,0.5131800060230711,0.00584142297111555,excitatory
fast,V2aB,25,0.11,0.5033882218721392,0.005905792431875563,excitatory
fast,V2aB,25,0.12,0.4932458396920584,0.006043550834220289,excitatory
fast,V2aB,25,0.13,0.48087188149774224,0.00604484512306742,excitatory
fast,V2aB,25,0.14,0.46784176138603106,0.005911291630506429,excitatory
fast,V2aB,25,0.15,0.44911126085874303,0.005865496930284436,excitatory
fast,V2aB,25,0.16,0.433302796037485,0.005753975926425504,excitatory
fast,V2aB,25,0.17,0.423142765157334,0.005758779922576714,excitatory
fast,V2aB,25,0.18,0.4158158751523473,0.005806340525399672,excitatory
fast,V2aB,25,0.19,0.405450164203253,0.005733072164320683,excitatory
fast,V2aB,25,0.2,0.39229933119165394,0.005655714750049237,excitatory
fast,V2aB,25,0.21,0.38004858241368217,0.005587939202693779,excitatory
fast,V2aB,25,0.22,0.36819175514454167,0.0054589947174976,excitatory
fast,V2aB,25,0.23,0.3591476136767567,0.005457178761681172,excitatory
fast,V2aB,25,0.24,0.34997610609094487,0.00544255655618355,excitatory
fast,V2aB,25,0.25,0.334329860899648,0.005383586734686977,excitatory
fast,V2aB,25,0.26,0.3208972610533211,0.005280300945648051,excitatory
fast,V2aB,25,0.27,0.3126995710017199,0.0051164493651132004,excitatory
fast,V2aB,25,0.28,0.3064086683245667,0.0051985968798123885,excitatory
fast,V2aB,25,0.29,0.29594499866510354,0.005139348892117188,excitatory
fast,V2aB,25,0.3,0.2817961907594545,0.004936364193962039,excitatory
fast,V2aB,25,0.31,0.2731854692125059,0.004883360353205419,excitatory
fast,V2aB,25,0.32,0.2658858072670489,0.004851341235450752,excitatory
fast,V2aB,25,0.33,0.2589401676740493,0.004729172254550203,excitatory
fast,V2aB,25,0.34,0.2523501447385927,0.004657881122563036,excitatory
fast,V2aB,25,0.35,0.24608399036169018,0.004581708263549212,excitatory
fast,V2aB,25,0.36,0.23469031917097338,0.0045006009828843195,excitatory
fast,V2aB,25,0.37,0.2287554593827422,0.004519235410145696,excitatory
fast,V2aB,25,0.38,0.22329127113767128,0.004433122977540443,excitatory
fast,V2aB,25,0.39,0.2160660595157476,0.004430473664323928,excitatory
fast,V2aB,25,0.4,0.21099741122033122,0.004373702871479166,excitatory
fast,V2aB,25,0.41,0.20348838445413625,0.00431957898270099,excitatory
fast,V2aB,25,0.42,0.19878185672094387,0.004306543341551083,excitatory
fast,V2aB,25,0.43,0.19523446704512676,0.0042109224549296,excitatory
fast,V2aB,25,0.44,0.18844283822023128,0.004077579777595789,excitatory
fast,V2aB,25,0.45,0.1838411133950008,0.004047929985793468,excitatory
fast,V2aB,25,0.46,0.18052250849922924,0.004189945898050364,excitatory
fast,V2aB,25,0.47,0.176402013432897,0.00423734608069085,excitatory
fast,V2aB,25,0.48,0.17104375981875905,0.004195256368910813,excitatory
fast,V2aB,25,0.49,0.16740433332813356,0.004254139923817338,excitatory
fast,V2aB,25,0.5,0.16491736418659253,0.0042310267064680045,excitatory
fast,V2aB,35,-0.5,0.2511109817533217,0.014300979989803703,excitatory
fast,V2aB,35,-0.49,0.25366646111767466,0.014416808088416737,excitatory
fast,V2aB,35,-0.48,0.25504321842853894,0.014714331048643952,excitatory
fast,V2aB,35,-0.47,0.2550882547708246,0.01421879710620537,excitatory
fast,V2aB,35,-0.46,0.2530644276287774,0.013885088854699398,excitatory
fast,V2aB,35,-0.45,0.24623906000076512,0.013962446685954439,excitatory
fast,V2aB,35,-0.44,0.24442883780969205,0.014235112507907505,excitatory
fast,V2aB,35,-0.43,0.24747285714356473,0.014368097605551411,excitatory
fast,V2aB,35,-0.42,0.25504356387024163,0.01438698799219987,excitatory
fast,V2aB,35,-0.41,0.2616648806084188,0.014604889051859221,excitatory
fast,V2aB,35,-0.4,0.2608318295140235,0.014600019829438413,excitatory
fast,V2aB,35,-0.39,0.25821513919814465,0.013757579028472085,excitatory
fast,V2aB,35,-0.38,0.2628511116360323,0.013823630773937036,excitatory
fast,V2aB,35,-0.37,0.27162169435770944,0.014666510495836067,excitatory
fast,V2aB,35,-0.36,0.2794160011394072,0.014745580358157815,excitatory
fast,V2aB,35,-0.35,0.28664454546859675,0.014507804436800841,excitatory
fast,V2aB,35,-0.34,0.2873811418735628,0.014659152949640226,excitatory
fast,V2aB,35,-0.33,0.2909186718107869,0.014874543930280948,excitatory
fast,V2aB,35,-0.32,0.2982908749019935,0.015247384488352264,excitatory
fast,V2aB,35,-0.31,0.30941112681221017,0.015443794316320276,excitatory
fast,V2aB,35,-0.3,0.33380248003878205,0.01581730459746772,excitatory
fast,V2aB,35,-0.29,0.34906546085386786,0.01658048183491882,excitatory
fast,V2aB,35,-0.28,0.3549031640003731,0.016990507799330187,excitatory
fast,V2aB,35,-0.27,0.3601056520009199,0.01719395122052295,excitatory
fast,V2aB,35,-0.26,0.36750624814066013,0.017262908762257157,excitatory
fast,V2aB,35,-0.25,0.37213693858109537,0.017374696384283836,excitatory
fast,V2aB,35,-0.24,0.38234160951812063,0.01774389304130117,excitatory
fast,V2aB,35,-0.23,0.39500944112820957,0.018046070468880054,excitatory
fast,V2aB,35,-0.22,0.40450018151884565,0.01809625129623231,excitatory
fast,V2aB,35,-0.21,0.42047996081215766,0.018235181016741032,excitatory
fast,V2aB,35,-0.2,0.43929087127551586,0.018205217791537897,excitatory
fast,V2aB,35,-0.19,0.4501656369380661,0.017535296852843007,excitatory
fast,V2aB,35,-0.18,0.4587955852433312,0.017342292275743854,excitatory
fast,V2aB,35,-0.17,0.4702119054239372,0.01694629100001857,excitatory
fast,V2aB,35,-0.16,0.4837600978326982,0.017089210955820423,excitatory
fast,V2aB,35,-0.15,0.49606712895431904,0.016836623603050393,excitatory
fast,V2aB,35,-0.14,0.4993386195816105,0.016576226635433768,excitatory
fast,V2aB,35,-0.13,0.5071582571022206,0.016067876819565775,excitatory
fast,V2aB,35,-0.12,0.5246624633357584,0.0158333403382162,excitatory
fast,V2aB,35,-0.11,0.5382362077070081,0.01603400057748459,excitatory
fast,V2aB,35,-0.1,0.5404287145595305,0.016044910088284705,excitatory
fast,V2aB,35,-0.09,0.5375390694018206,0.01568796718583381,excitatory
fast,V2aB,35,-0.08,0.5381381519393945,0.015473233896697277,excitatory
fast,V2aB,35,-0.07,0.5412164345668832,0.015538926846745167,excitatory
fast,V2aB,35,-0.0599999999999999,0.5477464119980089,0.016097159390994514,excitatory
fast,V2aB,35,-0.0499999999999999,0.5558625753224306,0.01638438053702322,excitatory
fast,V2aB,35,-0.04,0.5629597380602511,0.0163283480488013,excitatory
fast,V2aB,35,-0.03,0.5634608745579818,0.01664045702348172,excitatory
fast,V2aB,35,-0.02,0.5599884896402016,0.016797515418036167,excitatory
fast,V2aB,35,-0.01,0.5613976629574042,0.016506913599377285,excitatory
fast,V2aB,35,0,0.5600289580670926,0.01572292615464404,excitatory
fast,V2aB,35,0.01,0.5662701604017772,0.015752626996030455,excitatory
fast,V2aB,35,0.02,0.5653502000542813,0.016390098647967494,excitatory
fast,V2aB,35,0.03,0.5606457795295565,0.016650853801947415,excitatory
fast,V2aB,35,0.04,0.5467018206698733,0.016771761854828385,excitatory
fast,V2aB,35,0.0499999999999999,0.5274671115887519,0.01658065659077716,excitatory
fast,V2aB,35,0.0599999999999999,0.5155477334364547,0.016716694915120765,excitatory
fast,V2aB,35,0.07,0.503173374888941,0.016658232420771982,excitatory
fast,V2aB,35,0.08,0.49182187705211133,0.016119273366148847,excitatory
fast,V2aB,35,0.09,0.4847392918631625,0.015643379685823588,excitatory
fast,V2aB,35,0.1,0.47585140086983285,0.015364230425383252,excitatory
fast,V2aB,35,0.11,0.4634152329451048,0.015279088291730785,excitatory
fast,V2aB,35,0.12,0.4461054325019121,0.015447267368873304,excitatory
fast,V2aB,35,0.13,0.4312765256579893,0.015147568348897278,excitatory
fast,V2aB,35,0.14,0.41931820826982863,0.015397971552800649,excitatory
fast,V2aB,35,0.15,0.40404831234690647,0.015729699950354677,excitatory
fast,V2aB,35,0.16,0.38424465932872126,0.01516821039713162,excitatory
fast,V2aB,35,0.17,0.3727645383477633,0.015125346460919198,excitatory
fast,V2aB,35,0.18,0.36488683592915755,0.015431647394179734,excitatory
fast,V2aB,35,0.19,0.3540341119053172,0.01515165748833231,excitatory
fast,V2aB,35,0.2,0.3425593848773761,0.014660649158931904,excitatory
fast,V2aB,35,0.21,0.33209066869745424,0.014257878511952447,excitatory
fast,V2aB,35,0.22,0.32006330214802003,0.0138765083046069,excitatory
fast,V2aB,35,0.23,0.31175780506349676,0.014170843051107787,excitatory
fast,V2aB,35,0.24,0.30479874303009036,0.014763814652768267,excitatory
fast,V2aB,35,0.25,0.2966471044322341,0.01487566108349751,excitatory
fast,V2aB,35,0.26,0.2890701976678055,0.014529517345632702,excitatory
fast,V2aB,35,0.27,0.2763059511692269,0.01431961657217627,excitatory
fast,V2aB,35,0.28,0.2665967938860757,0.014173817023934046,excitatory
fast,V2aB,35,0.29,0.2643721355419112,0.013460692970125157,excitatory
fast,V2aB,35,0.3,0.2595609652049002,0.013233497999370677,excitatory
fast,V2aB,35,0.31,0.2513718550201129,0.012849398810325399,excitatory
fast,V2aB,35,0.32,0.23837842955921276,0.012354862971374819,excitatory
fast,V2aB,35,0.33,0.2316174267744023,0.012314788580405493,excitatory
fast,V2aB,35,0.34,0.23078211217010217,0.012480603087105016,excitatory
fast,V2aB,35,0.35,0.22558092959226186,0.012381549592508343,excitatory
fast,V2aB,35,0.36,0.22160641109215987,0.012237252363121629,excitatory
fast,V2aB,35,0.37,0.21820166223075618,0.01191507956820597,excitatory
fast,V2aB,35,0.38,0.2183492346272386,0.012476513000339688,excitatory
fast,V2aB,35,0.39,0.21116610649454595,0.011919883740273111,excitatory
fast,V2aB,35,0.4,0.20902093176102865,0.01195322154111262,excitatory
fast,V2aB,35,0.41,0.20901125968468431,0.01256858275918036,excitatory
fast,V2aB,35,0.42,0.20390894136170226,0.012033677469746824,excitatory
fast,V2aB,35,0.43,0.19806884757428098,0.01171832986933592,excitatory
fast,V2aB,35,0.44,0.19394577663797072,0.012021209413981411,excitatory
fast,V2aB,35,0.45,0.18753289478643909,0.012001732628124349,excitatory
fast,V2aB,35,0.46,0.18283079989946005,0.011810486685348676,excitatory
fast,V2aB,35,0.47,0.1778039469500701,0.011405732643112782,excitatory
fast,V2aB,35,0.48,0.17816511065015042,0.011342613540494224,excitatory
fast,V2aB,35,0.49,0.18257703676881368,0.011551548054753138,excitatory
fast,V2aB,35,0.5,0.1816703460172317,0.012014413649371903,excitatory
fast,V2aB,45+,-0.5,0.13447990729100662,0.03960720501015135,excitatory
fast,V2aB,45+,-0.49,0.14670304728399503,0.040970413657100434,excitatory
fast,V2aB,45+,-0.48,0.17193134346286326,0.044290942495185136,excitatory
fast,V2aB,45+,-0.47,0.19710992993461787,0.04694388198670342,excitatory
fast,V2aB,45+,-0.46,0.2131919189809865,0.04776255124342968,excitatory
fast,V2aB,45+,-0.45,0.2166529306590243,0.04618850076475986,excitatory
fast,V2aB,45+,-0.44,0.2159946559192266,0.04481489757075702,excitatory
fast,V2aB,45+,-0.43,0.2237044277943936,0.04415761504939503,excitatory
fast,V2aB,45+,-0.42,0.241982419687447,0.04385781096975491,excitatory
fast,V2aB,45+,-0.41,0.2562265197454652,0.042971720941483244,excitatory
fast,V2aB,45+,-0.4,0.26849712544929294,0.04204818726918232,excitatory
fast,V2aB,45+,-0.39,0.2785378322078844,0.04046314758829598,excitatory
fast,V2aB,45+,-0.38,0.2851346480257679,0.039729268343077384,excitatory
fast,V2aB,45+,-0.37,0.2848670249405251,0.04083852003323505,excitatory
fast,V2aB,45+,-0.36,0.2789494847951659,0.04217149728058655,excitatory
fast,V2aB,45+,-0.35,0.2806000261689089,0.044143400877744945,excitatory
fast,V2aB,45+,-0.34,0.29031270216616484,0.045050058141868694,excitatory
fast,V2aB,45+,-0.33,0.30504838348089186,0.046762192687048496,excitatory
fast,V2aB,45+,-0.32,0.31627536561851827,0.04737433178711617,excitatory
fast,V2aB,45+,-0.31,0.3389457210778967,0.047400854619279405,excitatory
fast,V2aB,45+,-0.3,0.3562644872531949,0.044886552748078616,excitatory
fast,V2aB,45+,-0.29,0.3625196880048832,0.04449587107143524,excitatory
fast,V2aB,45+,-0.28,0.3778556121660857,0.045657264523111835,excitatory
fast,V2aB,45+,-0.27,0.3931688249112717,0.04613546109215444,excitatory
fast,V2aB,45+,-0.26,0.40801840301031944,0.046120423690105224,excitatory
fast,V2aB,45+,-0.25,0.4193587369406213,0.04776105822871221,excitatory
fast,V2aB,45+,-0.24,0.43686409312903285,0.05136471885055362,excitatory
fast,V2aB,45+,-0.23,0.47026904215740367,0.053771653927947256,excitatory
fast,V2aB,45+,-0.22,0.5186955241278388,0.054288469329383186,excitatory
fast,V2aB,45+,-0.21,0.5572559421069551,0.05580271377726051,excitatory
fast,V2aB,45+,-0.2,0.5675615565442895,0.057800287424564875,excitatory
fast,V2aB,45+,-0.19,0.5748331418999851,0.05836295932223644,excitatory
fast,V2aB,45+,-0.18,0.58423957438866,0.05611413450495956,excitatory
fast,V2aB,45+,-0.17,0.6028056951091316,0.05497180823456606,excitatory
fast,V2aB,45+,-0.16,0.6242121390489821,0.0553838806489908,excitatory
fast,V2aB,45+,-0.15,0.6403060116389238,0.05613771778111425,excitatory
fast,V2aB,45+,-0.14,0.6525407660622875,0.055212975617432325,excitatory
fast,V2aB,45+,-0.13,0.6745334368985841,0.052176488908595796,excitatory
fast,V2aB,45+,-0.12,0.7083590387381052,0.04719164075048996,excitatory
fast,V2aB,45+,-0.11,0.7419361720088904,0.047130979551052485,excitatory
fast,V2aB,45+,-0.1,0.7351591891052282,0.05090069862098315,excitatory
fast,V2aB,45+,-0.09,0.7141677033018603,0.05335579243993036,excitatory
fast,V2aB,45+,-0.08,0.678006493056467,0.05201058301334497,excitatory
fast,V2aB,45+,-0.07,0.6639344691307688,0.05021441968667777,excitatory
fast,V2aB,45+,-0.0599999999999999,0.6684124127913953,0.049376998019419374,excitatory
fast,V2aB,45+,-0.0499999999999999,0.676724754479105,0.047767458090785565,excitatory
fast,V2aB,45+,-0.04,0.6638777471233622,0.04690497299099125,excitatory
fast,V2aB,45+,-0.03,0.6494703712281672,0.044993932014327054,excitatory
fast,V2aB,45+,-0.02,0.6261347765898131,0.04574714244191648,excitatory
fast,V2aB,45+,-0.01,0.6169326003774869,0.04854194933227284,excitatory
fast,V2aB,45+,0,0.6237489463545755,0.050647199103234876,excitatory
fast,V2aB,45+,0.01,0.630094170086421,0.05306809667220632,excitatory
fast,V2aB,45+,0.02,0.6306162645989526,0.05446369527251228,excitatory
fast,V2aB,45+,0.03,0.6160215413746705,0.05404466370180704,excitatory
fast,V2aB,45+,0.04,0.5982399811871325,0.05184371604549686,excitatory
fast,V2aB,45+,0.0499999999999999,0.570758019030213,0.04849167169139883,excitatory
fast,V2aB,45+,0.0599999999999999,0.5447081435498576,0.04600229908283935,excitatory
fast,V2aB,45+,0.07,0.5172800771080546,0.04252795790347222,excitatory
fast,V2aB,45+,0.08,0.49529933058452585,0.04112074915073127,excitatory
fast,V2aB,45+,0.09,0.48375350621191043,0.041271746430086485,excitatory
fast,V2aB,45+,0.1,0.4755108888372068,0.04289671514842547,excitatory
fast,V2aB,45+,0.11,0.4606379669118251,0.04171009956177534,excitatory
fast,V2aB,45+,0.12,0.4371709250815452,0.03709845050608035,excitatory
fast,V2aB,45+,0.13,0.42578638004575237,0.03296073679022792,excitatory
fast,V2aB,45+,0.14,0.4248772986243846,0.035913068304312956,excitatory
fast,V2aB,45+,0.15,0.41633230796416576,0.04154783509567768,excitatory
fast,V2aB,45+,0.16,0.40850919877050246,0.04606308007914468,excitatory
fast,V2aB,45+,0.17,0.4035086355273571,0.04813920213312981,excitatory
fast,V2aB,45+,0.18,0.39290804334242935,0.0446046596800355,excitatory
fast,V2aB,45+,0.19,0.38185312238463814,0.043263691783032014,excitatory
fast,V2aB,45+,0.2,0.36963467383840837,0.04304310324270239,excitatory
fast,V2aB,45+,0.21,0.3527747734399486,0.041924079000771095,excitatory
fast,V2aB,45+,0.22,0.33149944643939977,0.040659951683565336,excitatory
fast,V2aB,45+,0.23,0.3168461196677989,0.039430982900861035,excitatory
fast,V2aB,45+,0.24,0.30438371187525043,0.03980280500169978,excitatory
fast,V2aB,45+,0.25,0.2867499602946,0.03997303236466802,excitatory
fast,V2aB,45+,0.26,0.2701275839726383,0.03817409708619624,excitatory
fast,V2aB,45+,0.27,0.24740041873878177,0.035222986991039505,excitatory
fast,V2aB,45+,0.28,0.22263401183920667,0.03336433865611586,excitatory
fast,V2aB,45+,0.29,0.20309711396581692,0.03299066822692691,excitatory
fast,V2aB,45+,0.3,0.19742456531865693,0.03270245340069847,excitatory
fast,V2aB,45+,0.31,0.19792181565771882,0.032862896217218066,excitatory
fast,V2aB,45+,0.32,0.19523004112715367,0.03285606296910981,excitatory
fast,V2aB,45+,0.33,0.18581495109065158,0.03249625850153698,excitatory
fast,V2aB,45+,0.34,0.17309538803726726,0.030719131368134877,excitatory
fast,V2aB,45+,0.35,0.164691893003629,0.029050605163598406,excitatory
fast,V2aB,45+,0.36,0.16148479209419855,0.02935679464033132,excitatory
fast,V2aB,45+,0.37,0.15466031364523597,0.02893984127918218,excitatory
fast,V2aB,45+,0.38,0.14664535591757735,0.02713657419126692,excitatory
fast,V2aB,45+,0.39,0.13497276373788175,0.02509293301081588,excitatory
fast,V2aB,45+,0.4,0.1332370550992552,0.024184599750170635,excitatory
fast,V2aB,45+,0.41,0.14542145317958383,0.02427435980046796,excitatory
fast,V2aB,45+,0.42,0.15563941089417585,0.023951002592448107,excitatory
fast,V2aB,45+,0.43,0.16028253314231927,0.025315358058234955,excitatory
fast,V2aB,45+,0.44,0.1585604935141595,0.03031637371168556,excitatory
fast,V2aB,45+,0.45,0.1565458877872288,0.03800919681864685,excitatory
fast,V2aB,45+,0.46,0.15515966118627098,0.04061642026765809,excitatory
fast,V2aB,45+,0.47,0.15223131485225,0.04044497035890313,excitatory
fast,V2aB,45+,0.48,0.14495550585955477,0.03618673833013947,excitatory
fast,V2aB,45+,0.49,0.14122628875178755,0.034448339012230815,excitatory
fast,V2aB,45+,0.5,0.1381631814144209,0.03276845905911794,excitatory
fast,V2aD,15,-0.5,0.44399083771857334,0.02382312284304342,excitatory
fast,V2aD,15,-0.49,0.451428685219557,0.02564319771135193,excitatory
fast,V2aD,15,-0.48,0.4497504670261125,0.025190198417850064,excitatory
fast,V2aD,15,-0.47,0.4184750073141558,0.02394248078537907,excitatory
fast,V2aD,15,-0.46,0.42084897426449025,0.023433756973789004,excitatory
fast,V2aD,15,-0.45,0.42675588942021003,0.022711298170172475,excitatory
fast,V2aD,15,-0.44,0.43538476976327156,0.021535084950657278,excitatory
fast,V2aD,15,-0.43,0.423780850460764,0.02170544253690222,excitatory
fast,V2aD,15,-0.42,0.4078271844391614,0.02165454579608718,excitatory
fast,V2aD,15,-0.41,0.40566539016609293,0.023450641199093576,excitatory
fast,V2aD,15,-0.4,0.43209916317934577,0.02458802938180051,excitatory
fast,V2aD,15,-0.39,0.42597621966864896,0.02378322630440051,excitatory
fast,V2aD,15,-0.38,0.41717718403322596,0.02336452725711224,excitatory
fast,V2aD,15,-0.37,0.39877555261154835,0.02276295959135063,excitatory
fast,V2aD,15,-0.36,0.392920317435,0.02168314696103219,excitatory
fast,V2aD,15,-0.35,0.39609336434761167,0.023757921732889032,excitatory
fast,V2aD,15,-0.34,0.3911884347591163,0.021659627982577697,excitatory
fast,V2aD,15,-0.33,0.41270487963462665,0.02214341336778471,excitatory
fast,V2aD,15,-0.32,0.41153367735030755,0.024082666683238857,excitatory
fast,V2aD,15,-0.31,0.40613114110463566,0.02198419661611917,excitatory
fast,V2aD,15,-0.3,0.4074753167558158,0.01940490500715665,excitatory
fast,V2aD,15,-0.29,0.4018952138357617,0.021917005874208823,excitatory
fast,V2aD,15,-0.28,0.3924743313061501,0.023402898126904634,excitatory
fast,V2aD,15,-0.27,0.4153714743110607,0.020717483243447098,excitatory
fast,V2aD,15,-0.26,0.4385119318962455,0.021649248078316384,excitatory
fast,V2aD,15,-0.25,0.4361487430673765,0.022755031208385276,excitatory
fast,V2aD,15,-0.24,0.4213959826199705,0.02209231297089724,excitatory
fast,V2aD,15,-0.23,0.40359950926455435,0.02086284549201006,excitatory
fast,V2aD,15,-0.22,0.38300767859521484,0.021157623219046247,excitatory
fast,V2aD,15,-0.21,0.38592994676379555,0.021697237393915818,excitatory
fast,V2aD,15,-0.2,0.4075064170712041,0.022993476612308408,excitatory
fast,V2aD,15,-0.19,0.407198000257578,0.02211787739296086,excitatory
fast,V2aD,15,-0.18,0.42260901178967936,0.02038224923817811,excitatory
fast,V2aD,15,-0.17,0.40894461906718677,0.02137914486126482,excitatory
fast,V2aD,15,-0.16,0.41570192055164157,0.0207219799011963,excitatory
fast,V2aD,15,-0.15,0.40439916085825295,0.019540328294198377,excitatory
fast,V2aD,15,-0.14,0.39836911705988803,0.019236001919646768,excitatory
fast,V2aD,15,-0.13,0.42647686828099945,0.021004956965052987,excitatory
fast,V2aD,15,-0.12,0.4205389165638228,0.021787229353360877,excitatory
fast,V2aD,15,-0.11,0.40651902530896217,0.02125572132927483,excitatory
fast,V2aD,15,-0.1,0.40960482243676993,0.01996199789054419,excitatory
fast,V2aD,15,-0.09,0.4224398545291555,0.01967419130453396,excitatory
fast,V2aD,15,-0.08,0.42611129179519863,0.020203465427634484,excitatory
fast,V2aD,15,-0.07,0.4260051113026018,0.02049593543270066,excitatory
fast,V2aD,15,-0.0599999999999999,0.43732120659408225,0.021885418898242744,excitatory
fast,V2aD,15,-0.0499999999999999,0.45507887925305124,0.020460148509977145,excitatory
fast,V2aD,15,-0.04,0.45569575215639757,0.022069513309173054,excitatory
fast,V2aD,15,-0.03,0.4539811198039109,0.020796008423782084,excitatory
fast,V2aD,15,-0.02,0.4590861762747808,0.021136648547823576,excitatory
fast,V2aD,15,-0.01,0.45161199337447566,0.019187692340561925,excitatory
fast,V2aD,15,0,0.458339723160994,0.019519598565847403,excitatory
fast,V2aD,15,0.01,0.4509485418404925,0.020833258121555627,excitatory
fast,V2aD,15,0.02,0.4357364804197613,0.0207165824476798,excitatory
fast,V2aD,15,0.03,0.44330184714480314,0.020876154111425904,excitatory
fast,V2aD,15,0.04,0.4348494893561721,0.020030599120515132,excitatory
fast,V2aD,15,0.0499999999999999,0.40914791496413566,0.0208930881313137,excitatory
fast,V2aD,15,0.0599999999999999,0.4312202397941956,0.021587053048325876,excitatory
fast,V2aD,15,0.07,0.40607972688525695,0.018849668647757657,excitatory
fast,V2aD,15,0.08,0.41141979157765596,0.02110478917609609,excitatory
fast,V2aD,15,0.09,0.4345185890568765,0.021667420010718617,excitatory
fast,V2aD,15,0.1,0.4425042513456909,0.02088100327836493,excitatory
fast,V2aD,15,0.11,0.43756510042490976,0.02251589422618141,excitatory
fast,V2aD,15,0.12,0.43116984514330947,0.021959049469793795,excitatory
fast,V2aD,15,0.13,0.4506346462539302,0.02235031883786641,excitatory
fast,V2aD,15,0.14,0.44515073910389436,0.02187184499315936,excitatory
fast,V2aD,15,0.15,0.4348516676345739,0.019821406150797954,excitatory
fast,V2aD,15,0.16,0.43825262538858056,0.02077094908037228,excitatory
fast,V2aD,15,0.17,0.4367104774428058,0.023230579793168112,excitatory
fast,V2aD,15,0.18,0.4297443447294619,0.021989603702092235,excitatory
fast,V2aD,15,0.19,0.4451462455059081,0.02084155876218014,excitatory
fast,V2aD,15,0.2,0.43373434902242786,0.021606656057657127,excitatory
fast,V2aD,15,0.21,0.4061074783013819,0.02054025565555435,excitatory
fast,V2aD,15,0.22,0.398030289414549,0.021952169763515543,excitatory
fast,V2aD,15,0.23,0.40250802530891444,0.023043214711045115,excitatory
fast,V2aD,15,0.24,0.4058980665131828,0.02211659425906642,excitatory
fast,V2aD,15,0.25,0.422523541716692,0.023754287314855592,excitatory
fast,V2aD,15,0.26,0.4140539860940053,0.023353839490021077,excitatory
fast,V2aD,15,0.27,0.4006044677340444,0.02391956093250525,excitatory
fast,V2aD,15,0.28,0.4042177753557872,0.02259092709203866,excitatory
fast,V2aD,15,0.29,0.42404009364304257,0.02471563388641593,excitatory
fast,V2aD,15,0.3,0.39925926123708266,0.021372651545759347,excitatory
fast,V2aD,15,0.31,0.3741260672745917,0.020256204162932116,excitatory
fast,V2aD,15,0.32,0.3835565062202769,0.021083179571011416,excitatory
fast,V2aD,15,0.33,0.3855837375617473,0.023287407701340378,excitatory
fast,V2aD,15,0.34,0.36004633034049965,0.02076995489937435,excitatory
fast,V2aD,15,0.35,0.35804811980268825,0.019355839816231266,excitatory
fast,V2aD,15,0.36,0.36160830383620857,0.02026529281894722,excitatory
fast,V2aD,15,0.37,0.33894950645081123,0.018765676875587414,excitatory
fast,V2aD,15,0.38,0.3387019543745513,0.017837133323394913,excitatory
fast,V2aD,15,0.39,0.3486681229695944,0.020608367654784136,excitatory
fast,V2aD,15,0.4,0.3802155144278137,0.02356829398020642,excitatory
fast,V2aD,15,0.41,0.36562877646626435,0.022293762000825897,excitatory
fast,V2aD,15,0.42,0.3652878987574361,0.02056865677675899,excitatory
fast,V2aD,15,0.43,0.3663737334139147,0.020480596847129006,excitatory
fast,V2aD,15,0.44,0.3503356735810722,0.020123023218096198,excitatory
fast,V2aD,15,0.45,0.3557597711773104,0.020521321941886245,excitatory
fast,V2aD,15,0.46,0.3621009384608005,0.020436616909609576,excitatory
fast,V2aD,15,0.47,0.3371208847042324,0.020465610133402465,excitatory
fast,V2aD,15,0.48,0.3497853653814165,0.02050479316504093,excitatory
fast,V2aD,15,0.49,0.371225998443398,0.021830480175918692,excitatory
fast,V2aD,15,0.5,0.3387705580066157,0.02040933803527276,excitatory
fast,V2aD,25,-0.5,0.426795164346587,0.005571811635547767,excitatory
fast,V2aD,25,-0.49,0.4286082568901047,0.005511868416634969,excitatory
fast,V2aD,25,-0.48,0.4327722024261544,0.005377622477002398,excitatory
fast,V2aD,25,-0.47,0.43796024611203144,0.0053110544037795705,excitatory
fast,V2aD,25,-0.46,0.4381448409157938,0.005339620840566134,excitatory
fast,V2aD,25,-0.45,0.43418303661310154,0.005386898365050247,excitatory
fast,V2aD,25,-0.44,0.43820062275648675,0.005316007446450842,excitatory
fast,V2aD,25,-0.43,0.44524131144252166,0.005365127027689425,excitatory
fast,V2aD,25,-0.42,0.44653007292665436,0.005253262053729527,excitatory
fast,V2aD,25,-0.41,0.4464536356824016,0.005261840329603161,excitatory
fast,V2aD,25,-0.4,0.4442015015818617,0.00531987839584344,excitatory
fast,V2aD,25,-0.39,0.44314393813601555,0.005258810863513333,excitatory
fast,V2aD,25,-0.38,0.44389829163320715,0.0051568019221267854,excitatory
fast,V2aD,25,-0.37,0.44299641564122194,0.0051265308658105775,excitatory
fast,V2aD,25,-0.36,0.4381959054906372,0.005157737395114423,excitatory
fast,V2aD,25,-0.35,0.4387132305494804,0.005112577843882389,excitatory
fast,V2aD,25,-0.34,0.4342159162314134,0.0050672639214824075,excitatory
fast,V2aD,25,-0.33,0.43585204521763043,0.005122117411578583,excitatory
fast,V2aD,25,-0.32,0.4382670813263533,0.005139361703355152,excitatory
fast,V2aD,25,-0.31,0.4345477805339341,0.005089947995594237,excitatory
fast,V2aD,25,-0.3,0.4339866726148602,0.0050157839480199935,excitatory
fast,V2aD,25,-0.29,0.430990151156604,0.0050813259798792015,excitatory
fast,V2aD,25,-0.28,0.42687974622376607,0.0049760887435080624,excitatory
fast,V2aD,25,-0.27,0.4245320303614837,0.004924794308470794,excitatory
fast,V2aD,25,-0.26,0.42842289331471706,0.004957925691010168,excitatory
fast,V2aD,25,-0.25,0.4317520597832935,0.004963476030325778,excitatory
fast,V2aD,25,-0.24,0.4298682430190453,0.004994753419114345,excitatory
fast,V2aD,25,-0.23,0.42728477161034717,0.004950641399707273,excitatory
fast,V2aD,25,-0.22,0.4235114221596298,0.004900182097488329,excitatory
fast,V2aD,25,-0.21,0.4142657956977442,0.004755262459899831,excitatory
fast,V2aD,25,-0.2,0.41198119158336183,0.004751443221458353,excitatory
fast,V2aD,25,-0.19,0.41654525549828825,0.004744687237059655,excitatory
fast,V2aD,25,-0.18,0.41874639502378275,0.004762474232717748,excitatory
fast,V2aD,25,-0.17,0.420712632731579,0.004758451306335038,excitatory
fast,V2aD,25,-0.16,0.423794892087756,0.004821851236491551,excitatory
fast,V2aD,25,-0.15,0.4246661779922468,0.0047220989688251105,excitatory
fast,V2aD,25,-0.14,0.4231919454838563,0.004703471952486707,excitatory
fast,V2aD,25,-0.13,0.42175834725683375,0.004702032145583752,excitatory
fast,V2aD,25,-0.12,0.4244505626432989,0.004696183519024831,excitatory
fast,V2aD,25,-0.11,0.42424593230857194,0.004677211961808074,excitatory
fast,V2aD,25,-0.1,0.42933845501839446,0.004768907623870285,excitatory
fast,V2aD,25,-0.09,0.43218688409400946,0.0048253220062012625,excitatory
fast,V2aD,25,-0.08,0.42925726335473086,0.004705623877519265,excitatory
fast,V2aD,25,-0.07,0.42692772647933847,0.004670088121417949,excitatory
fast,V2aD,25,-0.0599999999999999,0.43242121502377584,0.004709719679696858,excitatory
fast,V2aD,25,-0.0499999999999999,0.4365524334008112,0.004754989861810089,excitatory
fast,V2aD,25,-0.04,0.43983787872333296,0.004696680904465107,excitatory
fast,V2aD,25,-0.03,0.44587870019419756,0.004779846175218888,excitatory
fast,V2aD,25,-0.02,0.4416661760513694,0.0046921630260387814,excitatory
fast,V2aD,25,-0.01,0.4385917741563015,0.0045787934598853644,excitatory
fast,V2aD,25,0,0.44123848075597416,0.004606516125981713,excitatory
fast,V2aD,25,0.01,0.4456481276995658,0.0046971109253316125,excitatory
fast,V2aD,25,0.02,0.45108098431185895,0.004798885265155035,excitatory
fast,V2aD,25,0.03,0.45516836938555805,0.0048319863525284465,excitatory
fast,V2aD,25,0.04,0.44934981690249387,0.0047292334363339735,excitatory
fast,V2aD,25,0.0499999999999999,0.44789758575458205,0.0046703622998966006,excitatory
fast,V2aD,25,0.0599999999999999,0.45235173425299896,0.004699729707332839,excitatory
fast,V2aD,25,0.07,0.44930384451196204,0.004738046658478282,excitatory
fast,V2aD,25,0.08,0.44952415406232155,0.004775210452601211,excitatory
fast,V2aD,25,0.09,0.44595817820165645,0.004747947195127828,excitatory
fast,V2aD,25,0.1,0.44890862577051616,0.004632817542882221,excitatory
fast,V2aD,25,0.11,0.45313151491842024,0.004752222655940397,excitatory
fast,V2aD,25,0.12,0.45178921413850986,0.00487707572665868,excitatory
fast,V2aD,25,0.13,0.45047218085970253,0.004774514439739935,excitatory
fast,V2aD,25,0.14,0.44674601369748246,0.004725890294562856,excitatory
fast,V2aD,25,0.15,0.44550344037239514,0.004804266761847234,excitatory
fast,V2aD,25,0.16,0.44415561544839516,0.004825755320838887,excitatory
fast,V2aD,25,0.17,0.44327673693017444,0.004778273650062515,excitatory
fast,V2aD,25,0.18,0.4345461318820338,0.004828371798657389,excitatory
fast,V2aD,25,0.19,0.4252587152110473,0.004841294113703501,excitatory
fast,V2aD,25,0.2,0.42946730436406316,0.004896559969587511,excitatory
fast,V2aD,25,0.21,0.4298186506292857,0.004990234352448922,excitatory
fast,V2aD,25,0.22,0.42679922523531616,0.004879757025490624,excitatory
fast,V2aD,25,0.23,0.42430934053187247,0.004880830275641685,excitatory
fast,V2aD,25,0.24,0.41809658587807136,0.004918896303711791,excitatory
fast,V2aD,25,0.25,0.4147066527185257,0.004965810775493146,excitatory
fast,V2aD,25,0.26,0.40934142437781046,0.004949930351279689,excitatory
fast,V2aD,25,0.27,0.40896920489348026,0.005050137067153404,excitatory
fast,V2aD,25,0.28,0.41159333590723146,0.005018359092523794,excitatory
fast,V2aD,25,0.29,0.4053164149409447,0.004973719618868512,excitatory
fast,V2aD,25,0.3,0.3974839069135719,0.0049645323297684806,excitatory
fast,V2aD,25,0.31,0.3981615954267909,0.004976152073696633,excitatory
fast,V2aD,25,0.32,0.3961452089722562,0.005004718003953211,excitatory
fast,V2aD,25,0.33,0.38946603802675295,0.0050535638901651764,excitatory
fast,V2aD,25,0.34,0.386874654284701,0.004954805187237433,excitatory
fast,V2aD,25,0.35,0.3848304057399438,0.005024815535874318,excitatory
fast,V2aD,25,0.36,0.38268766503489104,0.005065029804064872,excitatory
fast,V2aD,25,0.37,0.38053522269667556,0.004993251239567819,excitatory
fast,V2aD,25,0.38,0.37428160159123536,0.004892570265585484,excitatory
fast,V2aD,25,0.39,0.3725903379015498,0.005049853458297345,excitatory
fast,V2aD,25,0.4,0.36993112506698506,0.005075455991158167,excitatory
fast,V2aD,25,0.41,0.36932417562346415,0.005063434457818648,excitatory
fast,V2aD,25,0.42,0.3618034050572951,0.005048906480071923,excitatory
fast,V2aD,25,0.43,0.3592337301431552,0.004999034113284608,excitatory
fast,V2aD,25,0.44,0.35822287120504476,0.005044826915487386,excitatory
fast,V2aD,25,0.45,0.3583350121592997,0.005067623910171101,excitatory
fast,V2aD,25,0.46,0.3620215115118558,0.004979290070172371,excitatory
fast,V2aD,25,0.47,0.3612458160470038,0.0050531968128049096,excitatory
fast,V2aD,25,0.48,0.36518001460493144,0.005034572720322437,excitatory
fast,V2aD,25,0.49,0.36357511795347736,0.004986206615015917,excitatory
fast,V2aD,25,0.5,0.35901377506791093,0.0050145630465479,excitatory
fast,V2aD,35,-0.5,0.3651612987223865,0.020170156987685938,excitatory
fast,V2aD,35,-0.49,0.37293407943344986,0.019852428791761738,excitatory
fast,V2aD,35,-0.48,0.3678997068947095,0.0198237171362304,excitatory
fast,V2aD,35,-0.47,0.3683097250239168,0.019177163386755004,excitatory
fast,V2aD,35,-0.46,0.3750897558056537,0.019218039538427063,excitatory
fast,V2aD,35,-0.45,0.3859367028764918,0.019251910897145695,excitatory
fast,V2aD,35,-0.44,0.38148102265494216,0.01871837732274032,excitatory
fast,V2aD,35,-0.43,0.3681161719106012,0.018896035076324338,excitatory
fast,V2aD,35,-0.42,0.3714779020331575,0.019267066122607895,excitatory
fast,V2aD,35,-0.41,0.38294215379709257,0.01904475350752263,excitatory
fast,V2aD,35,-0.4,0.396390817072337,0.018979808244307356,excitatory
fast,V2aD,35,-0.39,0.4070862099185661,0.019784002098965296,excitatory
fast,V2aD,35,-0.38,0.4102303486801572,0.01972460849279278,excitatory
fast,V2aD,35,-0.37,0.409153418534074,0.018900297136877697,excitatory
fast,V2aD,35,-0.36,0.4030978789142213,0.018648587413591072,excitatory
fast,V2aD,35,-0.35,0.4023937601282699,0.019068902564677335,excitatory
fast,V2aD,35,-0.34,0.4114789180583851,0.019017506229692605,excitatory
fast,V2aD,35,-0.33,0.41353870289229544,0.018736767780610612,excitatory
fast,V2aD,35,-0.32,0.4161939944854447,0.018594644171141407,excitatory
fast,V2aD,35,-0.31,0.41996810546429914,0.01871565987146685,excitatory
fast,V2aD,35,-0.3,0.4232197425570884,0.01880711305065769,excitatory
fast,V2aD,35,-0.29,0.4216214481215764,0.017888326996337744,excitatory
fast,V2aD,35,-0.28,0.4110036328636147,0.018057515181062255,excitatory
fast,V2aD,35,-0.27,0.3885819375853452,0.017294564662052304,excitatory
fast,V2aD,35,-0.26,0.3838462946754215,0.016972607724009665,excitatory
fast,V2aD,35,-0.25,0.3941332145670116,0.017544693380701616,excitatory
fast,V2aD,35,-0.24,0.401713489401161,0.017908400775373638,excitatory
fast,V2aD,35,-0.23,0.4021195192900693,0.01723060386189599,excitatory
fast,V2aD,35,-0.22,0.40851350096794015,0.01682053901028499,excitatory
fast,V2aD,35,-0.21,0.4127937706275727,0.01775958231818265,excitatory
fast,V2aD,35,-0.2,0.405742077661785,0.018219030148316027,excitatory
fast,V2aD,35,-0.19,0.4097255008295875,0.018113144904813732,excitatory
fast,V2aD,35,-0.18,0.42434449109398714,0.018050762684440346,excitatory
fast,V2aD,35,-0.17,0.4357511056927004,0.01842933916060228,excitatory
fast,V2aD,35,-0.16,0.4444254125539212,0.018680860972732884,excitatory
fast,V2aD,35,-0.15,0.44240050614336207,0.018775015298293934,excitatory
fast,V2aD,35,-0.14,0.44207877713367166,0.018386215586348977,excitatory
fast,V2aD,35,-0.13,0.4478378656872535,0.018270118173968546,excitatory
fast,V2aD,35,-0.12,0.442012068945327,0.01788217970152279,excitatory
fast,V2aD,35,-0.11,0.4175989333144634,0.016735584949052768,excitatory
fast,V2aD,35,-0.1,0.40593493051895085,0.015901264823203323,excitatory
fast,V2aD,35,-0.09,0.4108084183733658,0.016733572300643044,excitatory
fast,V2aD,35,-0.08,0.42362290019825677,0.016931256337581083,excitatory
fast,V2aD,35,-0.07,0.4246859913493656,0.017034962924680763,excitatory
fast,V2aD,35,-0.0599999999999999,0.4131993350835388,0.016259413855075594,excitatory
fast,V2aD,35,-0.0499999999999999,0.4241988387423481,0.015202173402256741,excitatory
fast,V2aD,35,-0.04,0.43925782705349087,0.01582674897874266,excitatory
fast,V2aD,35,-0.03,0.4433143998645766,0.0167219849697811,excitatory
fast,V2aD,35,-0.02,0.44758782226503385,0.01706941238371435,excitatory
fast,V2aD,35,-0.01,0.452888672791285,0.017293208715871467,excitatory
fast,V2aD,35,0,0.4439984137113104,0.01703910049831728,excitatory
fast,V2aD,35,0.01,0.4328966833235548,0.016055522270203088,excitatory
fast,V2aD,35,0.02,0.4297110697819419,0.01604432653330839,excitatory
fast,V2aD,35,0.03,0.4329536654248805,0.016106542307842812,excitatory
fast,V2aD,35,0.04,0.4320346861364537,0.015872559107717708,excitatory
fast,V2aD,35,0.0499999999999999,0.4287234065834995,0.015790082416636094,excitatory
fast,V2aD,35,0.0599999999999999,0.4334789483560756,0.016078128394304395,excitatory
fast,V2aD,35,0.07,0.43484698155634605,0.016594314120301695,excitatory
fast,V2aD,35,0.08,0.4262351603910867,0.016109154658190204,excitatory
fast,V2aD,35,0.09,0.421078645624751,0.01553491905342626,excitatory
fast,V2aD,35,0.1,0.41598394191307464,0.015158546393959433,excitatory
fast,V2aD,35,0.11,0.4147142305668237,0.014602097429073155,excitatory
fast,V2aD,35,0.12,0.4230862492872215,0.015023688545806269,excitatory
fast,V2aD,35,0.13,0.4272119684637055,0.01613538259088143,excitatory
fast,V2aD,35,0.14,0.43180649448534675,0.017098770455774615,excitatory
fast,V2aD,35,0.15,0.43209867318639417,0.0171094884941166,excitatory
fast,V2aD,35,0.16,0.42364793434137876,0.01699461580142935,excitatory
fast,V2aD,35,0.17,0.4026078838357394,0.01684393372985266,excitatory
fast,V2aD,35,0.18,0.3951437994367616,0.016470478357236144,excitatory
fast,V2aD,35,0.19,0.39789042335896,0.016351548814345373,excitatory
fast,V2aD,35,0.2,0.38712002318961525,0.015840073185480953,excitatory
fast,V2aD,35,0.21,0.3768808212172348,0.016450013507541956,excitatory
fast,V2aD,35,0.22,0.3692682657431233,0.016046850295370858,excitatory
fast,V2aD,35,0.23,0.3638284869265104,0.015475786138639215,excitatory
fast,V2aD,35,0.24,0.350078760239766,0.015388960337589349,excitatory
fast,V2aD,35,0.25,0.3476295705279312,0.015553716582735322,excitatory
fast,V2aD,35,0.26,0.3528529706890455,0.016431536541712404,excitatory
fast,V2aD,35,0.27,0.36147963599653854,0.01706372161599137,excitatory
fast,V2aD,35,0.28,0.3576998890613893,0.017070518654684817,excitatory
fast,V2aD,35,0.29,0.34488719291682995,0.01598474462043813,excitatory
fast,V2aD,35,0.3,0.33589404770200043,0.015469389624629733,excitatory
fast,V2aD,35,0.31,0.3325523746021089,0.016408057708722217,excitatory
fast,V2aD,35,0.32,0.3296589072112719,0.01704404017227309,excitatory
fast,V2aD,35,0.33,0.31701161851317133,0.01632109085063693,excitatory
fast,V2aD,35,0.34,0.29981443172526584,0.01511535536426853,excitatory
fast,V2aD,35,0.35,0.2974084063624277,0.015192454141280237,excitatory
fast,V2aD,35,0.36,0.29076284936833585,0.015466677620529263,excitatory
fast,V2aD,35,0.37,0.29883119465716235,0.01571574212041872,excitatory
fast,V2aD,35,0.38,0.3033863283836669,0.015146785782403778,excitatory
fast,V2aD,35,0.39,0.31208805476408896,0.01587417764611412,excitatory
fast,V2aD,35,0.4,0.30504881069038386,0.016114520361189794,excitatory
fast,V2aD,35,0.41,0.2876868231090061,0.015151001990039676,excitatory
fast,V2aD,35,0.42,0.28658798927458756,0.01603691432892507,excitatory
fast,V2aD,35,0.43,0.2881653104023019,0.01650483870211039,excitatory
fast,V2aD,35,0.44,0.2784309603327813,0.01568347794666141,excitatory
fast,V2aD,35,0.45,0.27920138264357386,0.0158649688460038,excitatory
fast,V2aD,35,0.46,0.2796151136506677,0.016082227034113456,excitatory
fast,V2aD,35,0.47,0.28856789465548843,0.016341466308709477,excitatory
fast,V2aD,35,0.48,0.28507814075615234,0.015504640425532732,excitatory
fast,V2aD,35,0.49,0.27572620481242555,0.01542020934193301,excitatory
fast,V2aD,35,0.5,0.27727771706007526,0.015846660457327303,excitatory
fast,V2aD,45+,-0.5,0.3175917994302154,0.05514511219592614,excitatory
fast,V2aD,45+,-0.49,0.32708366870502836,0.054818248905898204,excitatory
fast,V2aD,45+,-0.48,0.3258718375665616,0.05812384946276659,excitatory
fast,V2aD,45+,-0.47,0.3325440600357694,0.05964899123602127,excitatory
fast,V2aD,45+,-0.46,0.35615990670853476,0.06040765680818064,excitatory
fast,V2aD,45+,-0.45,0.3793158606653905,0.060690786921637256,excitatory
fast,V2aD,45+,-0.44,0.3880117498690893,0.05824859596810379,excitatory
fast,V2aD,45+,-0.43,0.37633623608448724,0.05732732861996164,excitatory
fast,V2aD,45+,-0.42,0.3359055593366669,0.05829510777671974,excitatory
fast,V2aD,45+,-0.41,0.321479667776208,0.05669715662708102,excitatory
fast,V2aD,45+,-0.4,0.3338132963520554,0.057468750531606286,excitatory
fast,V2aD,45+,-0.39,0.33701424432376725,0.05711816471605097,excitatory
fast,V2aD,45+,-0.38,0.3412327122102347,0.056037563886662034,excitatory
fast,V2aD,45+,-0.37,0.33344286216600827,0.053725014562719484,excitatory
fast,V2aD,45+,-0.36,0.33524223669816394,0.05460961721316566,excitatory
fast,V2aD,45+,-0.35,0.3527608892650021,0.058142587861622935,excitatory
fast,V2aD,45+,-0.34,0.36136892142452176,0.06130902400307846,excitatory
fast,V2aD,45+,-0.33,0.36031989823657984,0.0628354144061715,excitatory
fast,V2aD,45+,-0.32,0.3628213001822395,0.05979887887609744,excitatory
fast,V2aD,45+,-0.31,0.35585651679084984,0.05263615534381225,excitatory
fast,V2aD,45+,-0.3,0.3502696766529407,0.04807131338247942,excitatory
fast,V2aD,45+,-0.29,0.34487310846781366,0.046126042041556965,excitatory
fast,V2aD,45+,-0.28,0.33448420123045325,0.04521043417207798,excitatory
fast,V2aD,45+,-0.27,0.32019811260016545,0.045975812400807475,excitatory
fast,V2aD,45+,-0.26,0.3033234107438513,0.04840058785526252,excitatory
fast,V2aD,45+,-0.25,0.299496705489424,0.052192139729979485,excitatory
fast,V2aD,45+,-0.24,0.2965537658536969,0.051686671529553495,excitatory
fast,V2aD,45+,-0.23,0.3066845216092845,0.052054122468344094,excitatory
fast,V2aD,45+,-0.22,0.3200605264827389,0.05167552524921906,excitatory
fast,V2aD,45+,-0.21,0.3289756924752133,0.05052253943769066,excitatory
fast,V2aD,45+,-0.2,0.33015997545726533,0.04817812566443503,excitatory
fast,V2aD,45+,-0.19,0.32384761408527435,0.04701877015072966,excitatory
fast,V2aD,45+,-0.18,0.3254013415553923,0.0477917086785918,excitatory
fast,V2aD,45+,-0.17,0.34834194137713775,0.04936472952119658,excitatory
fast,V2aD,45+,-0.16,0.38401132288761075,0.05303743368895362,excitatory
fast,V2aD,45+,-0.15,0.39655723016752203,0.05262572791681301,excitatory
fast,V2aD,45+,-0.14,0.3894425047817601,0.0475342749423636,excitatory
fast,V2aD,45+,-0.13,0.4063932798614862,0.047867471334835716,excitatory
fast,V2aD,45+,-0.12,0.4330696417854491,0.05475391117840147,excitatory
fast,V2aD,45+,-0.11,0.43687195832702974,0.05866945515015001,excitatory
fast,V2aD,45+,-0.1,0.42987473370241575,0.0608612385885996,excitatory
fast,V2aD,45+,-0.09,0.43465339782552287,0.060888991837437435,excitatory
fast,V2aD,45+,-0.08,0.4428817700464389,0.056508924577409005,excitatory
fast,V2aD,45+,-0.07,0.45245108347885343,0.05241459401405659,excitatory
fast,V2aD,45+,-0.0599999999999999,0.4538696358219115,0.050936571156797096,excitatory
fast,V2aD,45+,-0.0499999999999999,0.45488728705339115,0.05048332980215413,excitatory
fast,V2aD,45+,-0.04,0.45743792165270863,0.04884188068774558,excitatory
fast,V2aD,45+,-0.03,0.4693225361079507,0.0491181119142058,excitatory
fast,V2aD,45+,-0.02,0.49109385473015527,0.05278893032504491,excitatory
fast,V2aD,45+,-0.01,0.5085972623313799,0.056401492202844204,excitatory
fast,V2aD,45+,0,0.5280512415658807,0.05682465833134256,excitatory
fast,V2aD,45+,0.01,0.5400986255978832,0.05873870819917392,excitatory
fast,V2aD,45+,0.02,0.5178874466534212,0.05946088109483549,excitatory
fast,V2aD,45+,0.03,0.4794736260391082,0.05233706583481373,excitatory
fast,V2aD,45+,0.04,0.44455710634748963,0.04973209239930579,excitatory
fast,V2aD,45+,0.0499999999999999,0.4352022483763438,0.05097045383357802,excitatory
fast,V2aD,45+,0.0599999999999999,0.42437402242023137,0.04818612030108148,excitatory
fast,V2aD,45+,0.07,0.42125254532325207,0.045066132967011646,excitatory
fast,V2aD,45+,0.08,0.44610989467325585,0.04940565691830202,excitatory
fast,V2aD,45+,0.09,0.47745785604446705,0.05543726043784496,excitatory
fast,V2aD,45+,0.1,0.45777291286803484,0.05531570091166016,excitatory
fast,V2aD,45+,0.11,0.42853157650886486,0.04929697673658281,excitatory
fast,V2aD,45+,0.12,0.39413285431984435,0.04417933764854208,excitatory
fast,V2aD,45+,0.13,0.3812524026431402,0.04422053011470529,excitatory
fast,V2aD,45+,0.14,0.3829530315814935,0.051122408091474315,excitatory
fast,V2aD,45+,0.15,0.39343535918354944,0.0572108878379763,excitatory
fast,V2aD,45+,0.16,0.3784847654189934,0.054492919066553396,excitatory
fast,V2aD,45+,0.17,0.3697866236227735,0.05285892353879672,excitatory
fast,V2aD,45+,0.18,0.37981643918693836,0.051616938284708314,excitatory
fast,V2aD,45+,0.19,0.390079267761025,0.04677328857598466,excitatory
fast,V2aD,45+,0.2,0.40418446111638484,0.05039506013911897,excitatory
fast,V2aD,45+,0.21,0.39997050929510053,0.048148582006508185,excitatory
fast,V2aD,45+,0.22,0.3858621939276775,0.042184875252122264,excitatory
fast,V2aD,45+,0.23,0.3695829570588917,0.039619154230010306,excitatory
fast,V2aD,45+,0.24,0.35988717705842355,0.04311165564227085,excitatory
fast,V2aD,45+,0.25,0.36222684313518855,0.044811786942998366,excitatory
fast,V2aD,45+,0.26,0.37085058498700874,0.043863038654234986,excitatory
fast,V2aD,45+,0.27,0.3840634448876508,0.048412051301801116,excitatory
fast,V2aD,45+,0.28,0.3750106295260095,0.0526449726524916,excitatory
fast,V2aD,45+,0.29,0.3584052673122336,0.04791867485256065,excitatory
fast,V2aD,45+,0.3,0.34087201201412964,0.04632543151514065,excitatory
fast,V2aD,45+,0.31,0.3372748088267064,0.05051648373051913,excitatory
fast,V2aD,45+,0.32,0.31861358840630705,0.05028254216019986,excitatory
fast,V2aD,45+,0.33,0.29155512969952946,0.04483634678071378,excitatory
fast,V2aD,45+,0.34,0.27419259620968894,0.04447734205138378,excitatory
fast,V2aD,45+,0.35,0.2780726568493409,0.04667015916164038,excitatory
fast,V2aD,45+,0.36,0.28264111618388876,0.04678723305950666,excitatory
fast,V2aD,45+,0.37,0.276845948869918,0.04373736240085672,excitatory
fast,V2aD,45+,0.38,0.2753667112846554,0.044872608647956586,excitatory
fast,V2aD,45+,0.39,0.278639803327529,0.04494921704198997,excitatory
fast,V2aD,45+,0.4,0.27535336189491777,0.04210118547185893,excitatory
fast,V2aD,45+,0.41,0.2752001313702496,0.04240556052116421,excitatory
fast,V2aD,45+,0.42,0.2785617570977681,0.04103546169443833,excitatory
fast,V2aD,45+,0.43,0.2704569047101856,0.03849937601765568,excitatory
fast,V2aD,45+,0.44,0.27682067228295865,0.04065189655113814,excitatory
fast,V2aD,45+,0.45,0.2950492442569385,0.04831749913471947,excitatory
fast,V2aD,45+,0.46,0.3170095606268784,0.05518327963501707,excitatory
fast,V2aD,45+,0.47,0.32425899973142125,0.05304008853373481,excitatory
fast,V2aD,45+,0.48,0.32184544280909794,0.04907010468922339,excitatory
fast,V2aD,45+,0.49,0.3310840607136219,0.052609349867382894,excitatory
fast,V2aD,45+,0.5,0.33030855313265617,0.053578830135845884,excitatory
slow,V2aB,15,-0.5,0.18789044991557005,0.009428846145428821,excitatory
slow,V2aB,15,-0.49,0.18548362403425112,0.00920520684061737,excitatory
slow,V2aB,15,-0.48,0.1830230297298733,0.008879415582330224,excitatory
slow,V2aB,15,-0.47,0.18446335360436186,0.008533916659152138,excitatory
slow,V2aB,15,-0.46,0.17567185940902602,0.00822673055393787,excitatory
slow,V2aB,15,-0.45,0.17347655880524823,0.009051884127607077,excitatory
slow,V2aB,15,-0.44,0.16965005556781118,0.008948075551415791,excitatory
slow,V2aB,15,-0.43,0.17048192653284955,0.009035978459910653,excitatory
slow,V2aB,15,-0.42,0.16766364741876985,0.008565192565847818,excitatory
slow,V2aB,15,-0.41,0.18282484632759166,0.008879890566046374,excitatory
slow,V2aB,15,-0.4,0.19774730215307093,0.010155711877247281,excitatory
slow,V2aB,15,-0.39,0.2101517285562016,0.010386161404725364,excitatory
slow,V2aB,15,-0.38,0.21552933554215645,0.011083610815923954,excitatory
slow,V2aB,15,-0.37,0.22745334661241237,0.011674310134852234,excitatory
slow,V2aB,15,-0.36,0.24642417923268528,0.012303360832470593,excitatory
slow,V2aB,15,-0.35,0.2679669961911246,0.012968853615475543,excitatory
slow,V2aB,15,-0.34,0.2819847654102722,0.013269377291980551,excitatory
slow,V2aB,15,-0.33,0.30057076938738625,0.013439757130694069,excitatory
slow,V2aB,15,-0.32,0.3283322263675893,0.015114150308791204,excitatory
slow,V2aB,15,-0.31,0.3538109541147213,0.016120050897795755,excitatory
slow,V2aB,15,-0.3,0.3676534464941356,0.016281165731593234,excitatory
slow,V2aB,15,-0.29,0.38561225258370546,0.016341280590419192,excitatory
slow,V2aB,15,-0.28,0.42060466447473127,0.017325689871022423,excitatory
slow,V2aB,15,-0.27,0.4472407423211482,0.01711759995409165,excitatory
slow,V2aB,15,-0.26,0.47597148665632055,0.01756168014269113,excitatory
slow,V2aB,15,-0.25,0.49648974229872345,0.01780729301974195,excitatory
slow,V2aB,15,-0.24,0.5030439797593896,0.017443191499821334,excitatory
slow,V2aB,15,-0.23,0.5225529761142075,0.01667241923530682,excitatory
slow,V2aB,15,-0.22,0.5504703286711418,0.01678468263668475,excitatory
slow,V2aB,15,-0.21,0.567123491927434,0.01598819014027293,excitatory
slow,V2aB,15,-0.2,0.5854250445127682,0.01519942273721999,excitatory
slow,V2aB,15,-0.19,0.5874034149723761,0.01476619352830925,excitatory
slow,V2aB,15,-0.18,0.6048704902845521,0.01467166535202066,excitatory
slow,V2aB,15,-0.17,0.6199874272972073,0.014367454539623068,excitatory
slow,V2aB,15,-0.16,0.631463025681978,0.014180328529971116,excitatory
slow,V2aB,15,-0.15,0.6477326408898162,0.013899687414781774,excitatory
slow,V2aB,15,-0.14,0.6550419411214238,0.013431115620497066,excitatory
slow,V2aB,15,-0.13,0.6728003336176089,0.013625263632375546,excitatory
slow,V2aB,15,-0.12,0.6756767574022651,0.013290287583830282,excitatory
slow,V2aB,15,-0.11,0.6845897448722927,0.013146914722272333,excitatory
slow,V2aB,15,-0.1,0.6932341276292758,0.012816669783799264,excitatory
slow,V2aB,15,-0.09,0.7001450781636093,0.012969855638837893,excitatory
slow,V2aB,15,-0.08,0.7043283893976079,0.012430187386579557,excitatory
slow,V2aB,15,-0.07,0.7000551370850749,0.01210206063394077,excitatory
slow,V2aB,15,-0.0599999999999999,0.6969437525130179,0.011359466735634507,excitatory
slow,V2aB,15,-0.0499999999999999,0.6978042345809049,0.011386407057486612,excitatory
slow,V2aB,15,-0.04,0.6933756010447085,0.010974145987083189,excitatory
slow,V2aB,15,-0.03,0.6882318327045225,0.01103022284940603,excitatory
slow,V2aB,15,-0.02,0.6826518313444456,0.011524312462149973,excitatory
slow,V2aB,15,-0.01,0.6647015348654716,0.011540778555539043,excitatory
slow,V2aB,15,0,0.6585448725725415,0.011478146416317872,excitatory
slow,V2aB,15,0.01,0.646899681410199,0.01138369838656992,excitatory
slow,V2aB,15,0.02,0.638592188783535,0.011158624359464324,excitatory
slow,V2aB,15,0.03,0.6288020043039503,0.011193927743664914,excitatory
slow,V2aB,15,0.04,0.6223203061940252,0.011355999151654993,excitatory
slow,V2aB,15,0.0499999999999999,0.6044310673885348,0.011290753690274062,excitatory
slow,V2aB,15,0.0599999999999999,0.5866758609397845,0.011234948109144808,excitatory
slow,V2aB,15,0.07,0.5780990487071886,0.011736661494019569,excitatory
slow,V2aB,15,0.08,0.5642039936109529,0.012346603912956819,excitatory
slow,V2aB,15,0.09,0.5552544438504726,0.012473828271550556,excitatory
slow,V2aB,15,0.1,0.544239934783579,0.012142923014074545,excitatory
slow,V2aB,15,0.11,0.528198740908651,0.012254986202910299,excitatory
slow,V2aB,15,0.12,0.5194136017287039,0.01267240525301715,excitatory
slow,V2aB,15,0.13,0.5069598833571192,0.01218327315602567,excitatory
slow,V2aB,15,0.14,0.4954410487904128,0.01255388827246867,excitatory
slow,V2aB,15,0.15,0.476094123774018,0.012575198009550245,excitatory
slow,V2aB,15,0.16,0.45964850170962207,0.012577403047795626,excitatory
slow,V2aB,15,0.17,0.4438484547826905,0.012165535718880257,excitatory
slow,V2aB,15,0.18,0.4264037949274833,0.012160663153934685,excitatory
slow,V2aB,15,0.19,0.4103678778409882,0.011046362550268914,excitatory
slow,V2aB,15,0.2,0.3963279246120729,0.011256166481208033,excitatory
slow,V2aB,15,0.21,0.39530073373405267,0.01166539929785635,excitatory
slow,V2aB,15,0.22,0.3890112670943518,0.011351108049565696,excitatory
slow,V2aB,15,0.23,0.37731907203359305,0.011162012083487216,excitatory
slow,V2aB,15,0.24,0.367690836449653,0.011226303795818121,excitatory
slow,V2aB,15,0.25,0.34915620138378095,0.011089909747056618,excitatory
slow,V2aB,15,0.26,0.3448121043347179,0.010956406220629936,excitatory
slow,V2aB,15,0.27,0.33913669945875885,0.010788181354150307,excitatory
slow,V2aB,15,0.28,0.3365942522137188,0.011377970008955721,excitatory
slow,V2aB,15,0.29,0.32826057183809365,0.011351931188141972,excitatory
slow,V2aB,15,0.3,0.32439483819108483,0.01149988074820176,excitatory
slow,V2aB,15,0.31,0.31528163765728645,0.011516914547831193,excitatory
slow,V2aB,15,0.32,0.3062257358388737,0.011370638201964796,excitatory
slow,V2aB,15,0.33,0.2961955464461068,0.011277416537918507,excitatory
slow,V2aB,15,0.34,0.2903304833742995,0.011630285627952918,excitatory
slow,V2aB,15,0.35,0.28165155036934314,0.012479172198139623,excitatory
slow,V2aB,15,0.36,0.268231383441205,0.012528009408663313,excitatory
slow,V2aB,15,0.37,0.262543712046306,0.01209423803369216,excitatory
slow,V2aB,15,0.38,0.25851271955772775,0.011498913249404302,excitatory
slow,V2aB,15,0.39,0.25285141275001527,0.011100771410389126,excitatory
slow,V2aB,15,0.4,0.2425981323100032,0.011102841323461718,excitatory
slow,V2aB,15,0.41,0.24089072778192896,0.010847732457700881,excitatory
slow,V2aB,15,0.42,0.235482521934785,0.010348895823369859,excitatory
slow,V2aB,15,0.43,0.2207996392455861,0.009824363099095295,excitatory
slow,V2aB,15,0.44,0.21584873538239133,0.009224929327210758,excitatory
slow,V2aB,15,0.45,0.20974496724388625,0.009673085554020766,excitatory
slow,V2aB,15,0.46,0.20117980841938654,0.009700010858988794,excitatory
slow,V2aB,15,0.47,0.19526279108404163,0.009218090074947144,excitatory
slow,V2aB,15,0.48,0.19368602936158935,0.009212926023514211,excitatory
slow,V2aB,15,0.49,0.18763918726947176,0.009113466599263742,excitatory
slow,V2aB,15,0.5,0.18041370388286812,0.009113925277939399,excitatory
slow,V2aB,25,-0.5,0.1760885252815412,0.00868941815355904,excitatory
slow,V2aB,25,-0.49,0.16396369496471194,0.008700726352505605,excitatory
slow,V2aB,25,-0.48,0.15971441206830123,0.008386988938886402,excitatory
slow,V2aB,25,-0.47,0.16235777313091238,0.007982748224785608,excitatory
slow,V2aB,25,-0.46,0.16497068442725354,0.007903173182614527,excitatory
slow,V2aB,25,-0.45,0.1635286363710073,0.0077234948221387885,excitatory
slow,V2aB,25,-0.44,0.1656323575369277,0.007383060854004266,excitatory
slow,V2aB,25,-0.43,0.16508847729270829,0.007364320474885938,excitatory
slow,V2aB,25,-0.42,0.16292678039395117,0.007266583221391259,excitatory
slow,V2aB,25,-0.41,0.1635873532426513,0.007339887157331262,excitatory
slow,V2aB,25,-0.4,0.16933265566696107,0.007588457788525155,excitatory
slow,V2aB,25,-0.39,0.1717397316594686,0.007502690759229195,excitatory
slow,V2aB,25,-0.38,0.17683653123257087,0.007375714484509851,excitatory
slow,V2aB,25,-0.37,0.1909464566413227,0.007843404881544362,excitatory
slow,V2aB,25,-0.36,0.19860817947829917,0.008225559525042432,excitatory
slow,V2aB,25,-0.35,0.2071928205350781,0.00848735642614233,excitatory
slow,V2aB,25,-0.34,0.2158997280656175,0.008681399063247013,excitatory
slow,V2aB,25,-0.33,0.22672261921685002,0.008361528157350763,excitatory
slow,V2aB,25,-0.32,0.242805995666299,0.008616267823639586,excitatory
slow,V2aB,25,-0.31,0.2591944676048114,0.009076096608041102,excitatory
slow,V2aB,25,-0.3,0.2758420877876269,0.009489541572498731,excitatory
slow,V2aB,25,-0.29,0.2925967196548701,0.010146500578542699,excitatory
slow,V2aB,25,-0.28,0.30724115587721995,0.01014121456296635,excitatory
slow,V2aB,25,-0.27,0.3243738729135539,0.010359581821428881,excitatory
slow,V2aB,25,-0.26,0.3488681461431156,0.010656784792657694,excitatory
slow,V2aB,25,-0.25,0.37530115206220727,0.010971587841604203,excitatory
slow,V2aB,25,-0.24,0.40052105405104954,0.011597673462339437,excitatory
slow,V2aB,25,-0.23,0.4283148701680046,0.011873596503664804,excitatory
slow,V2aB,25,-0.22,0.45281127548746763,0.011893671347279595,excitatory
slow,V2aB,25,-0.21,0.47324596924447426,0.011590177958749632,excitatory
slow,V2aB,25,-0.2,0.4908180575880819,0.01147193526725125,excitatory
slow,V2aB,25,-0.19,0.5191557898483361,0.011761664750964846,excitatory
slow,V2aB,25,-0.18,0.5414224873358734,0.011910258047563377,excitatory
slow,V2aB,25,-0.17,0.5620851990009027,0.011921896151466865,excitatory
slow,V2aB,25,-0.16,0.5799175015138918,0.011377551198346074,excitatory
slow,V2aB,25,-0.15,0.6021506384976183,0.011322959847925385,excitatory
slow,V2aB,25,-0.14,0.6151752849918484,0.011582422951142922,excitatory
slow,V2aB,25,-0.13,0.6267040214615692,0.011533308395326687,excitatory
slow,V2aB,25,-0.12,0.6430606556838702,0.011546654095743644,excitatory
slow,V2aB,25,-0.11,0.6560788407239441,0.011445759354329593,excitatory
slow,V2aB,25,-0.1,0.6742605214084694,0.011426322675609533,excitatory
slow,V2aB,25,-0.09,0.687538354949235,0.01136415694320194,excitatory
slow,V2aB,25,-0.08,0.6923611411956184,0.01122718225808653,excitatory
slow,V2aB,25,-0.07,0.6935860288312519,0.010917062113735766,excitatory
slow,V2aB,25,-0.0599999999999999,0.6963604848766192,0.010755379409168693,excitatory
slow,V2aB,25,-0.0499999999999999,0.700004017914325,0.0107972733852847,excitatory
slow,V2aB,25,-0.04,0.7096400850656905,0.01072927214300181,excitatory
slow,V2aB,25,-0.03,0.7127078671993827,0.010587941305515398,excitatory
slow,V2aB,25,-0.02,0.7000517880040085,0.010342175460579013,excitatory
slow,V2aB,25,-0.01,0.6864994552532795,0.0102563858904952,excitatory
slow,V2aB,25,0,0.6814179021372845,0.010188752987587849,excitatory
slow,V2aB,25,0.01,0.6756010980796125,0.010374809136705134,excitatory
slow,V2aB,25,0.02,0.6661167297659405,0.01016031789995779,excitatory
slow,V2aB,25,0.03,0.6589781167190469,0.01001770306481563,excitatory
slow,V2aB,25,0.04,0.6538492642860673,0.010390539587228334,excitatory
slow,V2aB,25,0.0499999999999999,0.638043564395845,0.010446918261861563,excitatory
slow,V2aB,25,0.0599999999999999,0.6223805597686727,0.01018329748375868,excitatory
slow,V2aB,25,0.07,0.6087825034701965,0.010536397807284279,excitatory
slow,V2aB,25,0.08,0.5941421707446135,0.01058195699502947,excitatory
slow,V2aB,25,0.09,0.5820489867555109,0.010715109701900169,excitatory
slow,V2aB,25,0.1,0.5658325306023262,0.01077006307672506,excitatory
slow,V2aB,25,0.11,0.5490298730990882,0.010690044941844213,excitatory
slow,V2aB,25,0.12,0.5354197779061146,0.011012913432094854,excitatory
slow,V2aB,25,0.13,0.5228418043730152,0.011074469336195759,excitatory
slow,V2aB,25,0.14,0.5079381611622803,0.010675766760226866,excitatory
slow,V2aB,25,0.15,0.4856189374853,0.010578936415125586,excitatory
slow,V2aB,25,0.16,0.4638819789379583,0.010674107354841863,excitatory
slow,V2aB,25,0.17,0.4481915002915358,0.010422015097355592,excitatory
slow,V2aB,25,0.18,0.43847096023404686,0.010212346797660126,excitatory
slow,V2aB,25,0.19,0.41954229325705716,0.009902190905451809,excitatory
slow,V2aB,25,0.2,0.4011500253406741,0.009559787991588237,excitatory
slow,V2aB,25,0.21,0.3934273787275029,0.009407206980752576,excitatory
slow,V2aB,25,0.22,0.38426178522548676,0.009631356018358858,excitatory
slow,V2aB,25,0.23,0.3679834767084513,0.00937978242788216,excitatory
slow,V2aB,25,0.24,0.3513652062976945,0.009079036115411453,excitatory
slow,V2aB,25,0.25,0.34157087781871165,0.009050286605826461,excitatory
slow,V2aB,25,0.26,0.3274679856254973,0.008803095075648023,excitatory
slow,V2aB,25,0.27,0.3198543441406959,0.008678151833532877,excitatory
slow,V2aB,25,0.28,0.3131692959503904,0.00881366072563751,excitatory
slow,V2aB,25,0.29,0.3056171769947426,0.008736133848676846,excitatory
slow,V2aB,25,0.3,0.2975007670233116,0.00864726583123149,excitatory
slow,V2aB,25,0.31,0.29026472673571824,0.008820569710474301,excitatory
slow,V2aB,25,0.32,0.27935861284730285,0.008631049367174803,excitatory
slow,V2aB,25,0.33,0.2722890070408963,0.00849091417602316,excitatory
slow,V2aB,25,0.34,0.26294443336179324,0.008031474367656298,excitatory
slow,V2aB,25,0.35,0.2528366226894195,0.008096443833792277,excitatory
slow,V2aB,25,0.36,0.24967926213259203,0.00840661511334523,excitatory
slow,V2aB,25,0.37,0.24149240106472153,0.008410401621624057,excitatory
slow,V2aB,25,0.38,0.2340040832972577,0.007947062723525349,excitatory
slow,V2aB,25,0.39,0.23043085338675498,0.007841907888213038,excitatory
slow,V2aB,25,0.4,0.21946557846021503,0.007698257217321601,excitatory
slow,V2aB,25,0.41,0.20888083390538606,0.007489326237965295,excitatory
slow,V2aB,25,0.42,0.19891890681379204,0.007046468883234961,excitatory
slow,V2aB,25,0.43,0.18967848134085433,0.0068109043986062595,excitatory
slow,V2aB,25,0.44,0.18977719737854912,0.00681998079849706,excitatory
slow,V2aB,25,0.45,0.18699117301436688,0.006876715010081166,excitatory
slow,V2aB,25,0.46,0.1796426311679062,0.007170158102469764,excitatory
slow,V2aB,25,0.47,0.17250893853538476,0.007508868704401795,excitatory
slow,V2aB,25,0.48,0.1705658234159979,0.007621503733895439,excitatory
slow,V2aB,25,0.49,0.16813337287512684,0.007224550612836493,excitatory
slow,V2aB,25,0.5,0.16605365505588235,0.007152246157709111,excitatory
slow,V2aB,35,-0.5,0.2330683248699217,0.025333500274442602,excitatory
slow,V2aB,35,-0.49,0.23937873421115732,0.02571182393921853,excitatory
slow,V2aB,35,-0.48,0.24410222275990232,0.025658419373763827,excitatory
slow,V2aB,35,-0.47,0.25780074149956594,0.026111834852897125,excitatory
slow,V2aB,35,-0.46,0.2792380107529017,0.02520247354718005,excitatory
slow,V2aB,35,-0.45,0.28662575115865874,0.023807803213521345,excitatory
slow,V2aB,35,-0.44,0.2891038387838293,0.023638329515558013,excitatory
slow,V2aB,35,-0.43,0.2816789023621129,0.02432318476008294,excitatory
slow,V2aB,35,-0.42,0.27186349871225945,0.0237369248338763,excitatory
slow,V2aB,35,-0.41,0.2811578976196726,0.024301453858158784,excitatory
slow,V2aB,35,-0.4,0.30225909174786053,0.025600597262278067,excitatory
slow,V2aB,35,-0.39,0.3176787510974802,0.026858479767494572,excitatory
slow,V2aB,35,-0.38,0.33258148630800355,0.02774282164714518,excitatory
slow,V2aB,35,-0.37,0.3390486611352649,0.02870630672414058,excitatory
slow,V2aB,35,-0.36,0.35256321704331356,0.031087379632206258,excitatory
slow,V2aB,35,-0.35,0.37684911196547577,0.032002035924298365,excitatory
slow,V2aB,35,-0.34,0.39474657812950714,0.03191960828937601,excitatory
slow,V2aB,35,-0.33,0.4042937994911202,0.03185771130809072,excitatory
slow,V2aB,35,-0.32,0.41398140420014595,0.03211087558562283,excitatory
slow,V2aB,35,-0.31,0.4266356154891398,0.032263738604144984,excitatory
slow,V2aB,35,-0.3,0.441096117596937,0.03176526113127748,excitatory
slow,V2aB,35,-0.29,0.46335764029341575,0.03168308598301459,excitatory
slow,V2aB,35,-0.28,0.4817244185795594,0.031719755219516144,excitatory
slow,V2aB,35,-0.27,0.5042828935408201,0.03303854981874317,excitatory
slow,V2aB,35,-0.26,0.5221699072348226,0.03258410428993695,excitatory
slow,V2aB,35,-0.25,0.5380584061114527,0.030472709858506496,excitatory
slow,V2aB,35,-0.24,0.5517806696521856,0.030100222261944753,excitatory
slow,V2aB,35,-0.23,0.566982550815747,0.03111881864469303,excitatory
slow,V2aB,35,-0.22,0.5810486149996049,0.03077985210728962,excitatory
slow,V2aB,35,-0.21,0.5896346914291897,0.029914228758020696,excitatory
slow,V2aB,35,-0.2,0.5906921255719839,0.030187453523028634,excitatory
slow,V2aB,35,-0.19,0.5864471213997786,0.03149159835783476,excitatory
slow,V2aB,35,-0.18,0.5901876429477063,0.03268185660400235,excitatory
slow,V2aB,35,-0.17,0.5999825061861169,0.030508449742712128,excitatory
slow,V2aB,35,-0.16,0.595789460329589,0.02867703742990857,excitatory
slow,V2aB,35,-0.15,0.599777293329685,0.029295227990048554,excitatory
slow,V2aB,35,-0.14,0.6114772476762069,0.028512470189984315,excitatory
slow,V2aB,35,-0.13,0.6233196190834601,0.028014017636611738,excitatory
slow,V2aB,35,-0.12,0.620588051506828,0.0304029532917762,excitatory
slow,V2aB,35,-0.11,0.6125311564176295,0.03254085077790605,excitatory
slow,V2aB,35,-0.1,0.6102206601906498,0.03288091523779321,excitatory
slow,V2aB,35,-0.09,0.6074735964980867,0.03115656458172954,excitatory
slow,V2aB,35,-0.08,0.6013162179860759,0.030826967912917058,excitatory
slow,V2aB,35,-0.07,0.5887538487878673,0.030932953141508835,excitatory
slow,V2aB,35,-0.0599999999999999,0.5775264018965356,0.030454844380253334,excitatory
slow,V2aB,35,-0.0499999999999999,0.5800451641169423,0.030959016950683586,excitatory
slow,V2aB,35,-0.04,0.577340141108685,0.031067596578924626,excitatory
slow,V2aB,35,-0.03,0.5771881750392707,0.03144737707021433,excitatory
slow,V2aB,35,-0.02,0.5692516205015393,0.030780340869956638,excitatory
slow,V2aB,35,-0.01,0.5542822531078424,0.02887440853446551,excitatory
slow,V2aB,35,0,0.5524929457202539,0.02732432115454892,excitatory
slow,V2aB,35,0.01,0.5530641988754043,0.027071350019841175,excitatory
slow,V2aB,35,0.02,0.5502811348969447,0.0270256667377155,excitatory
slow,V2aB,35,0.03,0.5414020916972149,0.027160433432311497,excitatory
slow,V2aB,35,0.04,0.5410553319886642,0.02852852293139415,excitatory
slow,V2aB,35,0.0499999999999999,0.5322867005898234,0.02733550819712973,excitatory
slow,V2aB,35,0.0599999999999999,0.5167478269055985,0.02589330788374877,excitatory
slow,V2aB,35,0.07,0.5004570400708924,0.02691855632432334,excitatory
slow,V2aB,35,0.08,0.4867760081522342,0.027534278894362368,excitatory
slow,V2aB,35,0.09,0.47699619402325033,0.026558191647774548,excitatory
slow,V2aB,35,0.1,0.47474246615276317,0.024251267057617217,excitatory
slow,V2aB,35,0.11,0.47805148864358027,0.024671358912450342,excitatory
slow,V2aB,35,0.12,0.4763106058855083,0.026343300318540885,excitatory
slow,V2aB,35,0.13,0.4757821725118194,0.025634733930069428,excitatory
slow,V2aB,35,0.14,0.46714603886677847,0.024127809815861146,excitatory
slow,V2aB,35,0.15,0.4609993093073211,0.022952618584949683,excitatory
slow,V2aB,35,0.16,0.44512314443801154,0.023652398577619346,excitatory
slow,V2aB,35,0.17,0.4268507485266062,0.025614142096961976,excitatory
slow,V2aB,35,0.18,0.4150872206178557,0.025523929478872574,excitatory
slow,V2aB,35,0.19,0.4007861551150006,0.025643611808237432,excitatory
slow,V2aB,35,0.2,0.39373163219762336,0.025291526941617678,excitatory
slow,V2aB,35,0.21,0.38877605278096594,0.024479821357691264,excitatory
slow,V2aB,35,0.22,0.37491546046633273,0.023610923342144704,excitatory
slow,V2aB,35,0.23,0.37293560157414646,0.022956798734896467,excitatory
slow,V2aB,35,0.24,0.37387903173843007,0.02268433317159221,excitatory
slow,V2aB,35,0.25,0.3684415883927939,0.023097881439396804,excitatory
slow,V2aB,35,0.26,0.3526102568149293,0.02316356153073945,excitatory
slow,V2aB,35,0.27,0.32619062277580696,0.02303173619418585,excitatory
slow,V2aB,35,0.28,0.31391989060619474,0.023526079228516388,excitatory
slow,V2aB,35,0.29,0.3125514671922804,0.024254192859503303,excitatory
slow,V2aB,35,0.3,0.3035303049502615,0.02459652639720684,excitatory
slow,V2aB,35,0.31,0.2844969285378915,0.022904770051996703,excitatory
slow,V2aB,35,0.32,0.2609931994276133,0.021027115717359726,excitatory
slow,V2aB,35,0.33,0.2567055131356991,0.022379344542400155,excitatory
slow,V2aB,35,0.34,0.2608878763362786,0.023430283481798573,excitatory
slow,V2aB,35,0.35,0.26863010760236194,0.02444201055198451,excitatory
slow,V2aB,35,0.36,0.2698393867757658,0.024190982562306097,excitatory
slow,V2aB,35,0.37,0.2649904631336479,0.023443860406937158,excitatory
slow,V2aB,35,0.38,0.26264320792439994,0.022475222310991864,excitatory
slow,V2aB,35,0.39,0.2607665106350317,0.021511819801301173,excitatory
slow,V2aB,35,0.4,0.2561062654308872,0.022493497909581123,excitatory
slow,V2aB,35,0.41,0.24497792118060177,0.023032630910409375,excitatory
slow,V2aB,35,0.42,0.24226808978648592,0.02407298302612628,excitatory
slow,V2aB,35,0.43,0.24270565954057324,0.024758378790722933,excitatory
slow,V2aB,35,0.44,0.23944408221143842,0.02559688257241755,excitatory
slow,V2aB,35,0.45,0.24170869794102778,0.026252146638800135,excitatory
slow,V2aB,35,0.46,0.23574829986824644,0.024914116266270953,excitatory
slow,V2aB,35,0.47,0.22878411215282748,0.02214447081167068,excitatory
slow,V2aB,35,0.48,0.22546389775933753,0.01995868967921661,excitatory
slow,V2aB,35,0.49,0.22900394907516072,0.021806381903169154,excitatory
slow,V2aB,35,0.5,0.23545800955863377,0.023925677045185726,excitatory
slow,V2aB,45+,-0.5,0.30107348572590364,0.049372081644636405,excitatory
slow,V2aB,45+,-0.49,0.30371100963274383,0.0463666296119764,excitatory
slow,V2aB,45+,-0.48,0.307922284796753,0.04268989896347715,excitatory
slow,V2aB,45+,-0.47,0.32203395560326764,0.03978878485198562,excitatory
slow,V2aB,45+,-0.46,0.34155863942234294,0.03909955215007413,excitatory
slow,V2aB,45+,-0.45,0.36310335488778045,0.04219229030021091,excitatory
slow,V2aB,45+,-0.44,0.3664630273891445,0.04420973880684086,excitatory
slow,V2aB,45+,-0.43,0.361061976474877,0.04216062364446945,excitatory
slow,V2aB,45+,-0.42,0.35197114738463486,0.04049011673141241,excitatory
slow,V2aB,45+,-0.41,0.34629023718476387,0.03928275004833809,excitatory
slow,V2aB,45+,-0.4,0.3440131026533856,0.03832322202494745,excitatory
slow,V2aB,45+,-0.39,0.3443120012848496,0.037673119630521425,excitatory
slow,V2aB,45+,-0.38,0.3512457164486924,0.03811421098828164,excitatory
slow,V2aB,45+,-0.37,0.35299469643796527,0.040526311305235416,excitatory
slow,V2aB,45+,-0.36,0.3671505487816546,0.04302253935041438,excitatory
slow,V2aB,45+,-0.35,0.3920087838187713,0.044963249827292856,excitatory
slow,V2aB,45+,-0.34,0.4114617575266142,0.04467767006557371,excitatory
slow,V2aB,45+,-0.33,0.41573399994598004,0.04416772532558605,excitatory
slow,V2aB,45+,-0.32,0.4191526555352674,0.043681271204538734,excitatory
slow,V2aB,45+,-0.31,0.4145623154034449,0.045939314966379576,excitatory
slow,V2aB,45+,-0.3,0.4143876160476305,0.04852343938643127,excitatory
slow,V2aB,45+,-0.29,0.43711025051220975,0.04987594864336432,excitatory
slow,V2aB,45+,-0.28,0.4674419197831069,0.049564772190019285,excitatory
slow,V2aB,45+,-0.27,0.4690162026203879,0.048447265570755335,excitatory
slow,V2aB,45+,-0.26,0.4688127467708001,0.04456567464321906,excitatory
slow,V2aB,45+,-0.25,0.4742322849406562,0.04262538301890523,excitatory
slow,V2aB,45+,-0.24,0.4650539659827076,0.04222577610327783,excitatory
slow,V2aB,45+,-0.23,0.45431029523539823,0.04375796870343791,excitatory
slow,V2aB,45+,-0.22,0.44859468016519977,0.043322397658137626,excitatory
slow,V2aB,45+,-0.21,0.4516211523792411,0.0420536133255648,excitatory
slow,V2aB,45+,-0.2,0.47015212275304197,0.04262877214148332,excitatory
slow,V2aB,45+,-0.19,0.49220430093705453,0.045639872238974505,excitatory
slow,V2aB,45+,-0.18,0.5131886900489461,0.0452094444013844,excitatory
slow,V2aB,45+,-0.17,0.5215104034041671,0.04258932597706887,excitatory
slow,V2aB,45+,-0.16,0.5328288068756603,0.04127018479701328,excitatory
slow,V2aB,45+,-0.15,0.5454791881609089,0.04302982827898648,excitatory
slow,V2aB,45+,-0.14,0.5602508867615251,0.045789654560414304,excitatory
slow,V2aB,45+,-0.13,0.5694977272525128,0.04932659508321808,excitatory
slow,V2aB,45+,-0.12,0.5754732583124393,0.04781047126523574,excitatory
slow,V2aB,45+,-0.11,0.5792092018432211,0.042812667784395346,excitatory
slow,V2aB,45+,-0.1,0.5805378280743014,0.041622461953326834,excitatory
slow,V2aB,45+,-0.09,0.5835440676887822,0.04148933284475266,excitatory
slow,V2aB,45+,-0.08,0.5844753939359917,0.04279788266839628,excitatory
slow,V2aB,45+,-0.07,0.5796538664379147,0.044154717221146965,excitatory
slow,V2aB,45+,-0.0599999999999999,0.579880222460008,0.04536397449619846,excitatory
slow,V2aB,45+,-0.0499999999999999,0.5806178224811052,0.04668573766600645,excitatory
slow,V2aB,45+,-0.04,0.5793968380168745,0.047496910264205876,excitatory
slow,V2aB,45+,-0.03,0.5782061441379608,0.04632628515560831,excitatory
slow,V2aB,45+,-0.02,0.5736841408100349,0.04186829981976683,excitatory
slow,V2aB,45+,-0.01,0.557931061001533,0.03964243743227437,excitatory
slow,V2aB,45+,0,0.5459235017872947,0.041263304964606576,excitatory
slow,V2aB,45+,0.01,0.5341988494476291,0.042625752220454796,excitatory
slow,V2aB,45+,0.02,0.5155008549159292,0.04020873888605772,excitatory
slow,V2aB,45+,0.03,0.5000052656763231,0.0394156599281956,excitatory
slow,V2aB,45+,0.04,0.48041967522776263,0.03684461456698898,excitatory
slow,V2aB,45+,0.0499999999999999,0.4665969339643361,0.03705981766459357,excitatory
slow,V2aB,45+,0.0599999999999999,0.47098920251018084,0.038903858422544346,excitatory
slow,V2aB,45+,0.07,0.4721855466867728,0.040696237126632395,excitatory
slow,V2aB,45+,0.08,0.47784029800011585,0.042340091286066125,excitatory
slow,V2aB,45+,0.09,0.4746098922353141,0.043890537012281634,excitatory
slow,V2aB,45+,0.1,0.4759514606187624,0.044641260357860583,excitatory
slow,V2aB,45+,0.11,0.4737365519478651,0.04732152661401151,excitatory
slow,V2aB,45+,0.12,0.46283552771017394,0.04786462531477596,excitatory
slow,V2aB,45+,0.13,0.45003044133902576,0.045182423294806574,excitatory
slow,V2aB,45+,0.14,0.43029581339059075,0.04230164441072426,excitatory
slow,V2aB,45+,0.15,0.40770617906358175,0.03935637104998629,excitatory
slow,V2aB,45+,0.16,0.3942289533995485,0.03856821473346558,excitatory
slow,V2aB,45+,0.17,0.38814165433959436,0.04117818243221695,excitatory
slow,V2aB,45+,0.18,0.37806692595613717,0.04065703768573498,excitatory
slow,V2aB,45+,0.19,0.36936547062047115,0.04028126659646401,excitatory
slow,V2aB,45+,0.2,0.38096415092053293,0.04027154414056682,excitatory
slow,V2aB,45+,0.21,0.3980153460004601,0.0431135414582723,excitatory
slow,V2aB,45+,0.22,0.40929865164008367,0.04590374626952409,excitatory
slow,V2aB,45+,0.23,0.4090974692548683,0.046945896458236325,excitatory
slow,V2aB,45+,0.24,0.39642260806224666,0.04294473299290084,excitatory
slow,V2aB,45+,0.25,0.36820076405154883,0.03619364090493643,excitatory
slow,V2aB,45+,0.26,0.3415740609331153,0.03336813535731378,excitatory
slow,V2aB,45+,0.27,0.3211195050619036,0.03370686219283839,excitatory
slow,V2aB,45+,0.28,0.297484161360023,0.03367851320459486,excitatory
slow,V2aB,45+,0.29,0.2880507802453034,0.03744657731292789,excitatory
slow,V2aB,45+,0.3,0.28737826934262406,0.041520785735915056,excitatory
slow,V2aB,45+,0.31,0.2895555822960326,0.0424055169098996,excitatory
slow,V2aB,45+,0.32,0.2919516937583122,0.042221073530223314,excitatory
slow,V2aB,45+,0.33,0.28927197056513987,0.038475035209934165,excitatory
slow,V2aB,45+,0.34,0.28983429194750054,0.035303058826747724,excitatory
slow,V2aB,45+,0.35,0.29670344476780064,0.03681576465733178,excitatory
slow,V2aB,45+,0.36,0.2868166852714391,0.03469743863243948,excitatory
slow,V2aB,45+,0.37,0.28492244858501314,0.03534234251467135,excitatory
slow,V2aB,45+,0.38,0.2832124609622449,0.03685168495002718,excitatory
slow,V2aB,45+,0.39,0.28058785499888794,0.03755377380356166,excitatory
slow,V2aB,45+,0.4,0.2759825367985822,0.03912623552696036,excitatory
slow,V2aB,45+,0.41,0.2631043998377902,0.03966293378123568,excitatory
slow,V2aB,45+,0.42,0.2600245657755545,0.03980091625189695,excitatory
slow,V2aB,45+,0.43,0.26636170508540447,0.03798670235498521,excitatory
slow,V2aB,45+,0.44,0.27102481123491895,0.035488505510220564,excitatory
slow,V2aB,45+,0.45,0.26752183892118475,0.032909920251437824,excitatory
slow,V2aB,45+,0.46,0.26193671556965004,0.03391078687020811,excitatory
slow,V2aB,45+,0.47,0.24719619577665997,0.036504471390617424,excitatory
slow,V2aB,45+,0.48,0.2398042729789888,0.03891790151478992,excitatory
slow,V2aB,45+,0.49,0.24565638120329938,0.03841437756340144,excitatory
slow,V2aB,45+,0.5,0.2558874760305934,0.03482847043091867,excitatory
slow,V2aD,15,-0.5,0.280419868180532,0.01579159035927848,excitatory
slow,V2aD,15,-0.49,0.3230291673561962,0.017234278812354138,excitatory
slow,V2aD,15,-0.48,0.3554498395781582,0.017678550132305054,excitatory
slow,V2aD,15,-0.47,0.3712704820549158,0.018355891036571537,excitatory
slow,V2aD,15,-0.46,0.3811201370333348,0.01865950362085795,excitatory
slow,V2aD,15,-0.45,0.3939525047463817,0.01755596081082,excitatory
slow,V2aD,15,-0.44,0.4229388851411148,0.01925891886917819,excitatory
slow,V2aD,15,-0.43,0.4290308002770637,0.01876209814471607,excitatory
slow,V2aD,15,-0.42,0.4203840588035796,0.018072056175767723,excitatory
slow,V2aD,15,-0.41,0.42026621654233215,0.01780484657253791,excitatory
slow,V2aD,15,-0.4,0.4500032693354351,0.01949576998286596,excitatory
slow,V2aD,15,-0.39,0.4502794682487956,0.01861290191547674,excitatory
slow,V2aD,15,-0.38,0.45126106860585136,0.01811099214871105,excitatory
slow,V2aD,15,-0.37,0.45978197770959545,0.017090844003220997,excitatory
slow,V2aD,15,-0.36,0.46170965975823525,0.017226163309416613,excitatory
slow,V2aD,15,-0.35,0.4392546315135615,0.016625493562903004,excitatory
slow,V2aD,15,-0.34,0.43399907964110995,0.015452995904385144,excitatory
slow,V2aD,15,-0.33,0.4358886728416477,0.015251982733967369,excitatory
slow,V2aD,15,-0.32,0.4238644695345967,0.01453687486073929,excitatory
slow,V2aD,15,-0.31,0.4149628869201316,0.013965448292356918,excitatory
slow,V2aD,15,-0.3,0.42587402396121166,0.01479456631660314,excitatory
slow,V2aD,15,-0.29,0.4201380774401933,0.014472080802340774,excitatory
slow,V2aD,15,-0.28,0.42435488378520664,0.015115305234948409,excitatory
slow,V2aD,15,-0.27,0.44150987084989085,0.01610441859238268,excitatory
slow,V2aD,15,-0.26,0.45353416019814186,0.01607634894304231,excitatory
slow,V2aD,15,-0.25,0.45792740210325505,0.015572220865007936,excitatory
slow,V2aD,15,-0.24,0.4625570079178455,0.014934119957105219,excitatory
slow,V2aD,15,-0.23,0.4677517673759572,0.01505227569710599,excitatory
slow,V2aD,15,-0.22,0.464712507443604,0.01571090594159448,excitatory
slow,V2aD,15,-0.21,0.4754769335436079,0.01518484724661629,excitatory
slow,V2aD,15,-0.2,0.46925333727761603,0.015691741305505793,excitatory
slow,V2aD,15,-0.19,0.4665334233437627,0.014266075396856485,excitatory
slow,V2aD,15,-0.18,0.4847683245776593,0.014311048727708138,excitatory
slow,V2aD,15,-0.17,0.48832506178486723,0.015303228191306553,excitatory
slow,V2aD,15,-0.16,0.48873367821137714,0.01518787578870931,excitatory
slow,V2aD,15,-0.15,0.4968143923739886,0.014621222184509487,excitatory
slow,V2aD,15,-0.14,0.508775994632413,0.014476439734969516,excitatory
slow,V2aD,15,-0.13,0.504004526602018,0.013457057847423006,excitatory
slow,V2aD,15,-0.12,0.49516618495380466,0.014056657949212884,excitatory
slow,V2aD,15,-0.11,0.4903322816406767,0.014065186513910338,excitatory
slow,V2aD,15,-0.1,0.48838651679902273,0.013409465422539258,excitatory
slow,V2aD,15,-0.09,0.47337203351253904,0.012949023533162487,excitatory
slow,V2aD,15,-0.08,0.47754718231015303,0.012548040416536269,excitatory
slow,V2aD,15,-0.07,0.4825162028422531,0.013357691340784218,excitatory
slow,V2aD,15,-0.0599999999999999,0.47197556050839895,0.013891529672735752,excitatory
slow,V2aD,15,-0.0499999999999999,0.4714807654421928,0.012488937114260079,excitatory
slow,V2aD,15,-0.04,0.47332383686427043,0.012457538845903098,excitatory
slow,V2aD,15,-0.03,0.4587423762968306,0.013565880306825501,excitatory
slow,V2aD,15,-0.02,0.44934989451810314,0.013647354725658502,excitatory
slow,V2aD,15,-0.01,0.4447553933184151,0.013721291281192791,excitatory
slow,V2aD,15,0,0.43988343175114103,0.01321576571222305,excitatory
slow,V2aD,15,0.01,0.43971088233176087,0.013409758293834778,excitatory
slow,V2aD,15,0.02,0.4300003964724549,0.0129952435790512,excitatory
slow,V2aD,15,0.03,0.41780171226769797,0.012967782876451466,excitatory
slow,V2aD,15,0.04,0.4124729411292987,0.012598043754198616,excitatory
slow,V2aD,15,0.0499999999999999,0.42152635174194575,0.012154375778836744,excitatory
slow,V2aD,15,0.0599999999999999,0.40813069400723007,0.01194184749011072,excitatory
slow,V2aD,15,0.07,0.3984309454178321,0.013031882475812433,excitatory
slow,V2aD,15,0.08,0.39329992086301463,0.011966437878185054,excitatory
slow,V2aD,15,0.09,0.3905374968231868,0.01222935830909732,excitatory
slow,V2aD,15,0.1,0.385749768405219,0.013029244814721796,excitatory
slow,V2aD,15,0.11,0.38712195176534414,0.011687296291625585,excitatory
slow,V2aD,15,0.12,0.37723829505062717,0.012601879857970342,excitatory
slow,V2aD,15,0.13,0.36711079486679515,0.012879933725756154,excitatory
slow,V2aD,15,0.14,0.35544442992991876,0.011758680244223045,excitatory
slow,V2aD,15,0.15,0.332159058514032,0.011128494827256946,excitatory
slow,V2aD,15,0.16,0.3272285180964244,0.012078833281047672,excitatory
slow,V2aD,15,0.17,0.3243099223983665,0.011809547930684762,excitatory
slow,V2aD,15,0.18,0.33061748406463154,0.012687164304267154,excitatory
slow,V2aD,15,0.19,0.3255587526627589,0.013225595392212937,excitatory
slow,V2aD,15,0.2,0.3171782227889301,0.013267698120851048,excitatory
slow,V2aD,15,0.21,0.3036041223822297,0.013588624925621795,excitatory
slow,V2aD,15,0.22,0.30087127081063136,0.013285291897807892,excitatory
slow,V2aD,15,0.23,0.2869768509672015,0.012760146430514797,excitatory
slow,V2aD,15,0.24,0.2769668655469018,0.012207488164655908,excitatory
slow,V2aD,15,0.25,0.2702706073444539,0.01116381898595386,excitatory
slow,V2aD,15,0.26,0.25346675948741704,0.009930581680056816,excitatory
slow,V2aD,15,0.27,0.2521855284196274,0.010723775890226689,excitatory
slow,V2aD,15,0.28,0.24041207852215485,0.010589262937152453,excitatory
slow,V2aD,15,0.29,0.24495201155079205,0.010909671726832123,excitatory
slow,V2aD,15,0.3,0.24241018512965357,0.011284480525405895,excitatory
slow,V2aD,15,0.31,0.2332762624036473,0.01183901362607988,excitatory
slow,V2aD,15,0.32,0.2358178502735968,0.011768628665618874,excitatory
slow,V2aD,15,0.33,0.23497492275822296,0.012481381469457474,excitatory
slow,V2aD,15,0.34,0.222798731732148,0.01273942439693812,excitatory
slow,V2aD,15,0.35,0.2294112931880308,0.011903821034600772,excitatory
slow,V2aD,15,0.36,0.22120727796156553,0.012181547155308824,excitatory
slow,V2aD,15,0.37,0.21900651007258684,0.012068222954796318,excitatory
slow,V2aD,15,0.38,0.23434493407266827,0.013312977729636348,excitatory
slow,V2aD,15,0.39,0.24364353406738107,0.014234062572140858,excitatory
slow,V2aD,15,0.4,0.2556480655160006,0.014308202068430264,excitatory
slow,V2aD,15,0.41,0.2442666241647917,0.014638342366191796,excitatory
slow,V2aD,15,0.42,0.24558080598569598,0.014388514929551238,excitatory
slow,V2aD,15,0.43,0.2358320465081021,0.013509350483662273,excitatory
slow,V2aD,15,0.44,0.23398556304610663,0.013601130637940075,excitatory
slow,V2aD,15,0.45,0.2413934318523215,0.014105941931042289,excitatory
slow,V2aD,15,0.46,0.25368602168211335,0.015540536405888209,excitatory
slow,V2aD,15,0.47,0.2749281497162755,0.016186718066091035,excitatory
slow,V2aD,15,0.48,0.28697997050698026,0.01623830887059915,excitatory
slow,V2aD,15,0.49,0.28458945080171494,0.01652314460206387,excitatory
slow,V2aD,15,0.5,0.3194746044191085,0.018215058185123187,excitatory
slow,V2aD,25,-0.5,0.21221881835449496,0.004411682199916361,excitatory
slow,V2aD,25,-0.49,0.21996870116945846,0.004548956919136537,excitatory
slow,V2aD,25,-0.48,0.22882521341549436,0.004738275309966205,excitatory
slow,V2aD,25,-0.47,0.23596387939377178,0.004877987577947147,excitatory
slow,V2aD,25,-0.46,0.24800505653104132,0.005055967850002274,excitatory
slow,V2aD,25,-0.45,0.2697312265378069,0.005289950616781675,excitatory
slow,V2aD,25,-0.44,0.2808654200381645,0.005435986288145278,excitatory
slow,V2aD,25,-0.43,0.2908009089108904,0.005563576774826526,excitatory
slow,V2aD,25,-0.42,0.3054051501411125,0.005789736112501765,excitatory
slow,V2aD,25,-0.41,0.3227714356096227,0.005878722493894838,excitatory
slow,V2aD,25,-0.4,0.3316616619281782,0.005986143238912394,excitatory
slow,V2aD,25,-0.39,0.3382173942464978,0.0061449156777937585,excitatory
slow,V2aD,25,-0.38,0.34994674786430213,0.006236774010576157,excitatory
slow,V2aD,25,-0.37,0.3616759777241847,0.006194022732587225,excitatory
slow,V2aD,25,-0.36,0.3695001815737454,0.006139472249842356,excitatory
slow,V2aD,25,-0.35,0.38049328081877826,0.006173701997400416,excitatory
slow,V2aD,25,-0.34,0.38923213040578153,0.006115134868362386,excitatory
slow,V2aD,25,-0.33,0.3993176954060237,0.006011214921300932,excitatory
slow,V2aD,25,-0.32,0.41032638386110937,0.005851640242755226,excitatory
slow,V2aD,25,-0.31,0.4216219249673281,0.005818684443460341,excitatory
slow,V2aD,25,-0.3,0.4365568230263708,0.005818409958729885,excitatory
slow,V2aD,25,-0.29,0.4459883295369082,0.00576788043561474,excitatory
slow,V2aD,25,-0.28,0.4568248085559916,0.005709687644537507,excitatory
slow,V2aD,25,-0.27,0.4681153799057169,0.005683842008135608,excitatory
slow,V2aD,25,-0.26,0.4823210776897174,0.005531388865337532,excitatory
slow,V2aD,25,-0.25,0.49529829138503806,0.005467310362824349,excitatory
slow,V2aD,25,-0.24,0.5045689439072457,0.00537225753391085,excitatory
slow,V2aD,25,-0.23,0.5151766626086167,0.005300183596139706,excitatory
slow,V2aD,25,-0.22,0.5270832402530945,0.005385411320604371,excitatory
slow,V2aD,25,-0.21,0.5347074934068762,0.005364729708696977,excitatory
slow,V2aD,25,-0.2,0.5359224037367093,0.0051315847747263055,excitatory
slow,V2aD,25,-0.19,0.5375565761857958,0.004956293611787785,excitatory
slow,V2aD,25,-0.18,0.543851028128577,0.004896575126784911,excitatory
slow,V2aD,25,-0.17,0.544369476000578,0.004873351843645085,excitatory
slow,V2aD,25,-0.16,0.5484503587111402,0.004762874518734345,excitatory
slow,V2aD,25,-0.15,0.5572592944191996,0.004746175548519127,excitatory
slow,V2aD,25,-0.14,0.5669788504112138,0.004684298426869839,excitatory
slow,V2aD,25,-0.13,0.5753644764747433,0.004693106551168312,excitatory
slow,V2aD,25,-0.12,0.5808564212980875,0.004699541626309418,excitatory
slow,V2aD,25,-0.11,0.5889481483864154,0.0047908360686141115,excitatory
slow,V2aD,25,-0.1,0.600129680464396,0.0048403120506883045,excitatory
slow,V2aD,25,-0.09,0.6056034874474223,0.004921450809694431,excitatory
slow,V2aD,25,-0.08,0.6146885869338011,0.004886072975327145,excitatory
slow,V2aD,25,-0.07,0.6186253524075619,0.004910689941360221,excitatory
slow,V2aD,25,-0.0599999999999999,0.6162392990569582,0.005078868725021694,excitatory
slow,V2aD,25,-0.0499999999999999,0.6226028951061481,0.00520761789445584,excitatory
slow,V2aD,25,-0.04,0.6288981524282932,0.005227346525606814,excitatory
slow,V2aD,25,-0.03,0.629941465212963,0.005251329352502231,excitatory
slow,V2aD,25,-0.02,0.6223340637493214,0.005361718472044672,excitatory
slow,V2aD,25,-0.01,0.6190419110322618,0.005353522436160376,excitatory
slow,V2aD,25,0,0.6152038995611644,0.005334616957973333,excitatory
slow,V2aD,25,0.01,0.6096041906891319,0.005316650824747665,excitatory
slow,V2aD,25,0.02,0.6037740405600752,0.005327500837105973,excitatory
slow,V2aD,25,0.03,0.596722795755587,0.005310061669505247,excitatory
slow,V2aD,25,0.04,0.5839326681638833,0.005287568611949172,excitatory
slow,V2aD,25,0.0499999999999999,0.5718674407609142,0.005199168267195028,excitatory
slow,V2aD,25,0.0599999999999999,0.5592471245177161,0.005090800795072563,excitatory
slow,V2aD,25,0.07,0.5472780939738113,0.00502477332221037,excitatory
slow,V2aD,25,0.08,0.5361302644402568,0.00490717238500805,excitatory
slow,V2aD,25,0.09,0.5213604356643337,0.00488035605971583,excitatory
slow,V2aD,25,0.1,0.4990909403444024,0.0047949350181378265,excitatory
slow,V2aD,25,0.11,0.4845521702410623,0.004700802579606256,excitatory
slow,V2aD,25,0.12,0.4699533447454876,0.004505970535987923,excitatory
slow,V2aD,25,0.13,0.45145837998128147,0.004318497692597922,excitatory
slow,V2aD,25,0.14,0.4390178184105478,0.004245056018243305,excitatory
slow,V2aD,25,0.15,0.4209606643396119,0.004133197601900808,excitatory
slow,V2aD,25,0.16,0.405054963219777,0.003991580216094783,excitatory
slow,V2aD,25,0.17,0.39600190397558216,0.00400950285046235,excitatory
slow,V2aD,25,0.18,0.38548306340106964,0.003976133708931437,excitatory
slow,V2aD,25,0.19,0.37489175251829426,0.0038474209066785706,excitatory
slow,V2aD,25,0.2,0.36765332984515636,0.0038132609422780765,excitatory
slow,V2aD,25,0.21,0.3602789558661603,0.003868500150419858,excitatory
slow,V2aD,25,0.22,0.34728321930000805,0.003813539879302098,excitatory
slow,V2aD,25,0.23,0.33544032575586014,0.0037351839515286644,excitatory
slow,V2aD,25,0.24,0.32828484893086046,0.0036581704965146862,excitatory
slow,V2aD,25,0.25,0.3202179695808993,0.003612860144754752,excitatory
slow,V2aD,25,0.26,0.31104489248083417,0.003528442132326157,excitatory
slow,V2aD,25,0.27,0.30302633045788596,0.0035073112594685542,excitatory
slow,V2aD,25,0.28,0.29522656482046056,0.0035381564930307362,excitatory
slow,V2aD,25,0.29,0.285414508848279,0.003374741245097525,excitatory
slow,V2aD,25,0.3,0.2756158738966673,0.0034171519662001154,excitatory
slow,V2aD,25,0.31,0.27174605460068924,0.003489384491156289,excitatory
slow,V2aD,25,0.32,0.26673185717459025,0.003501640563689478,excitatory
slow,V2aD,25,0.33,0.26064485656568065,0.003512308234155627,excitatory
slow,V2aD,25,0.34,0.257067581129364,0.0036136026646542067,excitatory
slow,V2aD,25,0.35,0.24947107905584096,0.0035525104815483364,excitatory
slow,V2aD,25,0.36,0.244119629222668,0.003441572948015223,excitatory
slow,V2aD,25,0.37,0.23917014262916478,0.0034365373323979637,excitatory
slow,V2aD,25,0.38,0.23124857579683208,0.0034531675421441595,excitatory
slow,V2aD,25,0.39,0.22265537956377998,0.003390298748371101,excitatory
slow,V2aD,25,0.4,0.21950477381944036,0.003371392695124783,excitatory
slow,V2aD,25,0.41,0.2152490727140295,0.0033756601414577725,excitatory
slow,V2aD,25,0.42,0.2137627126267325,0.0034494074409743497,excitatory
slow,V2aD,25,0.43,0.2105001983065934,0.00342671356837716,excitatory
slow,V2aD,25,0.44,0.20455678388831589,0.0033737748813474325,excitatory
slow,V2aD,25,0.45,0.2018893838414215,0.0034665979155680394,excitatory
slow,V2aD,25,0.46,0.2020135086722359,0.003517158740852348,excitatory
slow,V2aD,25,0.47,0.2043039196139005,0.003720049986195922,excitatory
slow,V2aD,25,0.48,0.20957075315091217,0.0039045179355879957,excitatory
slow,V2aD,25,0.49,0.2118715268211024,0.004001447584830386,excitatory
slow,V2aD,25,0.5,0.2212064117800376,0.004470938357249924,excitatory
slow,V2aD,35,-0.5,0.31428502347025933,0.018082128957846576,excitatory
slow,V2aD,35,-0.49,0.33128809253676983,0.017733903452159867,excitatory
slow,V2aD,35,-0.48,0.3374324305046484,0.018098827962436052,excitatory
slow,V2aD,35,-0.47,0.32767391097846965,0.017908557742431202,excitatory
slow,V2aD,35,-0.46,0.33335728042830765,0.017532478735677367,excitatory
slow,V2aD,35,-0.45,0.3534994947436152,0.018095622781039912,excitatory
slow,V2aD,35,-0.44,0.3639766004120776,0.01838013545433704,excitatory
slow,V2aD,35,-0.43,0.36387750405399044,0.01783630757242608,excitatory
slow,V2aD,35,-0.42,0.3627867154593189,0.01673829814068033,excitatory
slow,V2aD,35,-0.41,0.3673073970497539,0.017999475992311928,excitatory
slow,V2aD,35,-0.4,0.37431625755807746,0.018292986006099864,excitatory
slow,V2aD,35,-0.39,0.38952868138062674,0.0173523684633752,excitatory
slow,V2aD,35,-0.38,0.4156135558964343,0.017582854533635128,excitatory
slow,V2aD,35,-0.37,0.43265205952927044,0.017598361916167364,excitatory
slow,V2aD,35,-0.36,0.447869503232925,0.01838317545417991,excitatory
slow,V2aD,35,-0.35,0.4480262573131955,0.019222109788802226,excitatory
slow,V2aD,35,-0.34,0.43780443074856035,0.019213969961023078,excitatory
slow,V2aD,35,-0.33,0.44066303049023337,0.018829992532978564,excitatory
slow,V2aD,35,-0.32,0.4488540372966168,0.018311219774916208,excitatory
slow,V2aD,35,-0.31,0.44537554553119174,0.017175271992510177,excitatory
slow,V2aD,35,-0.3,0.4354435168885126,0.016901912306800066,excitatory
slow,V2aD,35,-0.29,0.43878954633756745,0.017760887153883926,excitatory
slow,V2aD,35,-0.28,0.44997350927323354,0.01805798712756499,excitatory
slow,V2aD,35,-0.27,0.4757054029471087,0.017048258369978097,excitatory
slow,V2aD,35,-0.26,0.47835345671896506,0.017672846428293393,excitatory
slow,V2aD,35,-0.25,0.473939615759764,0.017867789566350087,excitatory
slow,V2aD,35,-0.24,0.4777417665357545,0.017848114525284318,excitatory
slow,V2aD,35,-0.23,0.49387470382133786,0.01827178882097922,excitatory
slow,V2aD,35,-0.22,0.5107328793359363,0.018518917493594425,excitatory
slow,V2aD,35,-0.21,0.5193531311852583,0.017968222726216863,excitatory
slow,V2aD,35,-0.2,0.5296240757063498,0.018064811718000423,excitatory
slow,V2aD,35,-0.19,0.5327239346514944,0.019169792615117445,excitatory
slow,V2aD,35,-0.18,0.5361306136733484,0.019196518240679993,excitatory
slow,V2aD,35,-0.17,0.5369665320952001,0.017977915388543424,excitatory
slow,V2aD,35,-0.16,0.5363553663935693,0.017020590193642656,excitatory
slow,V2aD,35,-0.15,0.5357124136614587,0.01640108724208996,excitatory
slow,V2aD,35,-0.14,0.5391422512433627,0.01582776448183915,excitatory
slow,V2aD,35,-0.13,0.5503246392144149,0.016664041835804597,excitatory
slow,V2aD,35,-0.12,0.5590348129192946,0.01655869202634405,excitatory
slow,V2aD,35,-0.11,0.5544732224843155,0.01703194271287515,excitatory
slow,V2aD,35,-0.1,0.553404668828267,0.01668800842632252,excitatory
slow,V2aD,35,-0.09,0.5569375966237964,0.016450190260343278,excitatory
slow,V2aD,35,-0.08,0.5617259284514207,0.016266069971894146,excitatory
slow,V2aD,35,-0.07,0.5648403273808063,0.017057760430305925,excitatory
slow,V2aD,35,-0.0599999999999999,0.5683604323784525,0.017795259144258026,excitatory
slow,V2aD,35,-0.0499999999999999,0.5703074957988238,0.01693452722383905,excitatory
slow,V2aD,35,-0.04,0.5647107483337911,0.016548880400443538,excitatory
slow,V2aD,35,-0.03,0.5667172996751655,0.016424105826327123,excitatory
slow,V2aD,35,-0.02,0.5628589692875636,0.016545357042390216,excitatory
slow,V2aD,35,-0.01,0.5554004935073193,0.015478750477951409,excitatory
slow,V2aD,35,0,0.5519222659810581,0.015045203269519327,excitatory
slow,V2aD,35,0.01,0.5455599575359981,0.015194377443140165,excitatory
slow,V2aD,35,0.02,0.5334195463135126,0.01546411217761367,excitatory
slow,V2aD,35,0.03,0.5193382829165164,0.015487194666607303,excitatory
slow,V2aD,35,0.04,0.512817575992444,0.01629102438462243,excitatory
slow,V2aD,35,0.0499999999999999,0.5157155007119995,0.01602617062935922,excitatory
slow,V2aD,35,0.0599999999999999,0.5165028678569162,0.015066323272057957,excitatory
slow,V2aD,35,0.07,0.5111782253998184,0.014723261540876022,excitatory
slow,V2aD,35,0.08,0.4956377167821889,0.015106566949203343,excitatory
slow,V2aD,35,0.09,0.4862743550427185,0.014929461402588155,excitatory
slow,V2aD,35,0.1,0.48737878520322675,0.01498889619358119,excitatory
slow,V2aD,35,0.11,0.48556831671231615,0.01566725242106971,excitatory
slow,V2aD,35,0.12,0.4789284771148635,0.015785593802740198,excitatory
slow,V2aD,35,0.13,0.47680047359979105,0.01550807827632246,excitatory
slow,V2aD,35,0.14,0.47675992107511445,0.01585702231053668,excitatory
slow,V2aD,35,0.15,0.46873134583652454,0.01625097377298196,excitatory
slow,V2aD,35,0.16,0.45708371321976987,0.01613926133875169,excitatory
slow,V2aD,35,0.17,0.4455785797139314,0.015134050982835033,excitatory
slow,V2aD,35,0.18,0.4276210787333838,0.014063369307534294,excitatory
slow,V2aD,35,0.19,0.4138692189362683,0.014288682607067942,excitatory
slow,V2aD,35,0.2,0.409220715967211,0.015001799718407677,excitatory
slow,V2aD,35,0.21,0.4079501272332031,0.015266587283036587,excitatory
slow,V2aD,35,0.22,0.40074189477030875,0.015484454846093187,excitatory
slow,V2aD,35,0.23,0.39321561647096537,0.015402798438304456,excitatory
slow,V2aD,35,0.24,0.39960549909139825,0.015262082082073802,excitatory
slow,V2aD,35,0.25,0.39558023905073325,0.014815656176222873,excitatory
slow,V2aD,35,0.26,0.3791323938580704,0.014927054698202515,excitatory
slow,V2aD,35,0.27,0.3684784794407174,0.014283709601319108,excitatory
slow,V2aD,35,0.28,0.37258193709987364,0.014658440361776543,excitatory
slow,V2aD,35,0.29,0.37158464161867466,0.014972535116335952,excitatory
slow,V2aD,35,0.3,0.3656876774915599,0.015494426785287336,excitatory
slow,V2aD,35,0.31,0.35786696523523304,0.015763822493290818,excitatory
slow,V2aD,35,0.32,0.3513482079134435,0.0160844786142129,excitatory
slow,V2aD,35,0.33,0.34564792347351686,0.015351841731126824,excitatory
slow,V2aD,35,0.34,0.3264366934879939,0.014483353195868904,excitatory
slow,V2aD,35,0.35,0.31711575276703763,0.014847930201168523,excitatory
slow,V2aD,35,0.36,0.32748540538629456,0.015174971634400725,excitatory
slow,V2aD,35,0.37,0.3359148494779548,0.015234395537814993,excitatory
slow,V2aD,35,0.38,0.33771865824965036,0.014915830473257412,excitatory
slow,V2aD,35,0.39,0.3277395772099723,0.01511266958380614,excitatory
slow,V2aD,35,0.4,0.31625309038831373,0.015255680094140429,excitatory
slow,V2aD,35,0.41,0.3100999303718648,0.015425637003476851,excitatory
slow,V2aD,35,0.42,0.3111556365815322,0.015676290316326294,excitatory
slow,V2aD,35,0.43,0.3116290675793515,0.015288935435198327,excitatory
slow,V2aD,35,0.44,0.31637698749240795,0.016068373990582228,excitatory
slow,V2aD,35,0.45,0.3185275140296252,0.0169411531201385,excitatory
slow,V2aD,35,0.46,0.3142416534374677,0.017150212953881583,excitatory
slow,V2aD,35,0.47,0.3084003013840576,0.016644700628402617,excitatory
slow,V2aD,35,0.48,0.31205286150780076,0.016910366565181245,excitatory
slow,V2aD,35,0.49,0.32767691609418226,0.01769998354764405,excitatory
slow,V2aD,35,0.5,0.3340898027594718,0.019786573297910403,excitatory
slow,V2aD,45+,-0.5,0.3922657328581826,0.03359870072616338,excitatory
slow,V2aD,45+,-0.49,0.39631496400683097,0.03333943060815509,excitatory
slow,V2aD,45+,-0.48,0.4023328759103042,0.031232841416106695,excitatory
slow,V2aD,45+,-0.47,0.40671896788861395,0.030663837090394244,excitatory
slow,V2aD,45+,-0.46,0.394025997491949,0.02933443208675964,excitatory
slow,V2aD,45+,-0.45,0.38370562540022757,0.0270861857928034,excitatory
slow,V2aD,45+,-0.44,0.38555216529090575,0.027078440719727464,excitatory
slow,V2aD,45+,-0.43,0.39815486903123376,0.028336122419116202,excitatory
slow,V2aD,45+,-0.42,0.41688658039049126,0.02908686700649929,excitatory
slow,V2aD,45+,-0.41,0.41806331298604876,0.030245429846642732,excitatory
slow,V2aD,45+,-0.4,0.4067869027700033,0.02889623025114796,excitatory
slow,V2aD,45+,-0.39,0.39116120457530607,0.025983094735577163,excitatory
slow,V2aD,45+,-0.38,0.3845483804667242,0.0257770502285611,excitatory
slow,V2aD,45+,-0.37,0.379605199183897,0.02592297896556762,excitatory
slow,V2aD,45+,-0.36,0.3844068446617196,0.02721859820277963,excitatory
slow,V2aD,45+,-0.35,0.406877291293434,0.026754961952927682,excitatory
slow,V2aD,45+,-0.34,0.40553413975377767,0.02684117014357894,excitatory
slow,V2aD,45+,-0.33,0.4061768376065456,0.026383433469905262,excitatory
slow,V2aD,45+,-0.32,0.4231941203929625,0.025288028123150057,excitatory
slow,V2aD,45+,-0.31,0.44429553686774065,0.026601584633424102,excitatory
slow,V2aD,45+,-0.3,0.45432943829844935,0.02941700171121821,excitatory
slow,V2aD,45+,-0.29,0.4516371992593157,0.030687329286460674,excitatory
slow,V2aD,45+,-0.28,0.4540594927481985,0.028478772805892717,excitatory
slow,V2aD,45+,-0.27,0.47970596787733505,0.02574858763390338,excitatory
slow,V2aD,45+,-0.26,0.5042295570572298,0.025770614422608248,excitatory
slow,V2aD,45+,-0.25,0.5130742775303531,0.026631972317698163,excitatory
slow,V2aD,45+,-0.24,0.4941741509313893,0.028434941924749598,excitatory
slow,V2aD,45+,-0.23,0.4842131421330146,0.02841510881501615,excitatory
slow,V2aD,45+,-0.22,0.4824367140145801,0.02821077767872213,excitatory
slow,V2aD,45+,-0.21,0.48147926164187477,0.028281362546528726,excitatory
slow,V2aD,45+,-0.2,0.4694477777774203,0.02763909831191622,excitatory
slow,V2aD,45+,-0.19,0.44641789334348625,0.02873585278540856,excitatory
slow,V2aD,45+,-0.18,0.4369127747019413,0.027787874558494175,excitatory
slow,V2aD,45+,-0.17,0.4480358218289164,0.026242916664398184,excitatory
slow,V2aD,45+,-0.16,0.458264147881038,0.025772360961521405,excitatory
slow,V2aD,45+,-0.15,0.45964183245416257,0.025135285111178105,excitatory
slow,V2aD,45+,-0.14,0.46476484216296954,0.025437378258950896,excitatory
slow,V2aD,45+,-0.13,0.4862659566491713,0.02535385048308852,excitatory
slow,V2aD,45+,-0.12,0.514334867337244,0.026419500331295056,excitatory
slow,V2aD,45+,-0.11,0.5322887859596663,0.026350385843296943,excitatory
slow,V2aD,45+,-0.1,0.5391661116824594,0.027645574773428327,excitatory
slow,V2aD,45+,-0.09,0.5422152816369956,0.029058074752229525,excitatory
slow,V2aD,45+,-0.08,0.5385900196154276,0.029497631202616413,excitatory
slow,V2aD,45+,-0.07,0.534808342825523,0.027171519191900955,excitatory
slow,V2aD,45+,-0.0599999999999999,0.5393183680022501,0.02655435107779298,excitatory
slow,V2aD,45+,-0.0499999999999999,0.54758586699979,0.028095338840824366,excitatory
slow,V2aD,45+,-0.04,0.5549526844196006,0.027462088859583268,excitatory
slow,V2aD,45+,-0.03,0.559568529567639,0.026628514772396805,excitatory
slow,V2aD,45+,-0.02,0.5489791192573995,0.027102305709758474,excitatory
slow,V2aD,45+,-0.01,0.5618930312569753,0.026655959546219098,excitatory
slow,V2aD,45+,0,0.5724689031456986,0.025772041983447763,excitatory
slow,V2aD,45+,0.01,0.5593623675623794,0.024989415141967463,excitatory
slow,V2aD,45+,0.02,0.5490645453772824,0.02720757242243444,excitatory
slow,V2aD,45+,0.03,0.5549382706398489,0.028198822120717882,excitatory
slow,V2aD,45+,0.04,0.5492625068636533,0.02631752555281228,excitatory
slow,V2aD,45+,0.0499999999999999,0.5266877860452815,0.024813032899769577,excitatory
slow,V2aD,45+,0.0599999999999999,0.5128485455659415,0.024303567792392722,excitatory
slow,V2aD,45+,0.07,0.5340090747906413,0.024548460859701252,excitatory
slow,V2aD,45+,0.08,0.5589073344537465,0.02408741062827396,excitatory
slow,V2aD,45+,0.09,0.5683325154569939,0.025408251402223057,excitatory
slow,V2aD,45+,0.1,0.557742154836722,0.02790042397454019,excitatory
slow,V2aD,45+,0.11,0.546721717678529,0.02915762334595332,excitatory
slow,V2aD,45+,0.12,0.5480058336303861,0.028994521503348896,excitatory
slow,V2aD,45+,0.13,0.549101620970674,0.028958375668629258,excitatory
slow,V2aD,45+,0.14,0.5490494140173117,0.027178772966026155,excitatory
slow,V2aD,45+,0.15,0.5463245833786511,0.026777984557336355,excitatory
slow,V2aD,45+,0.16,0.5415392185699303,0.023685849344965676,excitatory
slow,V2aD,45+,0.17,0.5401337886703808,0.0215924717216207,excitatory
slow,V2aD,45+,0.18,0.539403204039974,0.022349526051809756,excitatory
slow,V2aD,45+,0.19,0.5247406636896902,0.023687664904993463,excitatory
slow,V2aD,45+,0.2,0.5131116174102037,0.024331501572047182,excitatory
slow,V2aD,45+,0.21,0.4994513729137929,0.025020536086279743,excitatory
slow,V2aD,45+,0.22,0.505100962873619,0.026320660594085155,excitatory
slow,V2aD,45+,0.23,0.5261719732241955,0.026498117686100706,excitatory
slow,V2aD,45+,0.24,0.5363717212126924,0.027949890632353494,excitatory
slow,V2aD,45+,0.25,0.5378106402616286,0.02781423469884301,excitatory
slow,V2aD,45+,0.26,0.5340582567551925,0.026467540584861515,excitatory
slow,V2aD,45+,0.27,0.5100717184231633,0.02521415946867329,excitatory
slow,V2aD,45+,0.28,0.48703859971218455,0.024912317660816474,excitatory
slow,V2aD,45+,0.29,0.473333943035829,0.026635144962071634,excitatory
slow,V2aD,45+,0.3,0.4669355877629944,0.028623847482679505,excitatory
slow,V2aD,45+,0.31,0.4617298532626925,0.028424889835152664,excitatory
slow,V2aD,45+,0.32,0.4470720118034832,0.02783466890516473,excitatory
slow,V2aD,45+,0.33,0.4323519565829038,0.02825974766558579,excitatory
slow,V2aD,45+,0.34,0.43336435963227643,0.02989338700483088,excitatory
slow,V2aD,45+,0.35,0.44953021209396393,0.030744036532788507,excitatory
slow,V2aD,45+,0.36,0.4580010946355976,0.030254601333398173,excitatory
slow,V2aD,45+,0.37,0.454786445458606,0.029958669368672808,excitatory
slow,V2aD,45+,0.38,0.42475995033768793,0.02812207636091182,excitatory
slow,V2aD,45+,0.39,0.40832735705607787,0.027823817664248268,excitatory
slow,V2aD,45+,0.4,0.4026617574334294,0.027667745834570483,excitatory
slow,V2aD,45+,0.41,0.4182902347254701,0.02684210334979666,excitatory
slow,V2aD,45+,0.42,0.43011654925488735,0.02785970001460103,excitatory
slow,V2aD,45+,0.43,0.4308881290252608,0.029692006383428175,excitatory
slow,V2aD,45+,0.44,0.44084835248506493,0.030366000924797895,excitatory
slow,V2aD,45+,0.45,0.4495240969783663,0.03188502990457638,excitatory
slow,V2aD,45+,0.46,0.4459910673572949,0.032668004873562265,excitatory
slow,V2aD,45+,0.47,0.4378766117210161,0.031448071591213954,excitatory
slow,V2aD,45+,0.48,0.4379353014426889,0.03088588779821292,excitatory
slow,V2aD,45+,0.49,0.43523416048631147,0.029902736193631967,excitatory
slow,V2aD,45+,0.5,0.4159466868456131,0.028712389270102348,excitatory
